source1_entity_id,country,true_match_count,candidate_count,recovered_match_count,missing_match_count,entity_complete
S1-539879230,us,4,25,4,0,True
S1-840168502,us,0,25,0,0,True
S1-716830359,us,4,25,4,0,True
S1-844896591,us,2,25,2,0,True
S1-832050262,india,2,25,0,2,False
S1-201953835,us,3,25,3,0,True
S1-613517393,india,5,25,5,0,True
S1-975588880,us,4,7,4,0,True
S1-548116192,us,0,25,0,0,True
S1-447656699,india,2,25,1,1,False
S1-945077204,india,0,25,0,0,True
S1-890009542,us,4,25,3,1,False
S1-928584878,india,6,25,6,0,True
S1-680008372,india,3,25,3,0,True
S1-966027321,us,5,25,4,1,False
S1-159303490,india,2,25,2,0,True
S1-57235044,india,3,25,3,0,True
S1-88817160,us,2,25,2,0,True
S1-332396561,india,1,25,1,0,True
S1-378978603,us,3,25,2,1,False
S1-919733927,us,3,25,3,0,True
S1-355685907,us,7,25,7,0,True
S1-360488265,india,6,25,4,2,False
S1-354301488,us,4,25,4,0,True
S1-726860670,us,2,25,2,0,True
S1-674323954,us,4,25,4,0,True
S1-78789684,us,3,25,3,0,True
S1-927509773,us,4,25,4,0,True
S1-447452795,us,2,25,2,0,True
S1-664355108,us,3,25,3,0,True
S1-665735345,us,0,25,0,0,True
S1-891013868,us,5,25,4,1,False
S1-231859208,us,3,25,3,0,True
S1-682477366,india,8,25,5,3,False
S1-859043162,us,4,25,4,0,True
S1-401761505,us,5,25,5,0,True
S1-740270062,india,3,25,3,0,True
S1-450548914,us,4,25,4,0,True
S1-800226602,us,3,25,3,0,True
S1-242385665,india,0,25,0,0,True
S1-196309581,india,3,25,3,0,True
S1-141278611,us,0,25,0,0,True
S1-821827055,india,2,25,1,1,False
S1-584261180,us,5,25,5,0,True
S1-258353664,india,3,25,3,0,True
S1-851799346,us,2,25,2,0,True
S1-913785285,us,5,25,5,0,True
S1-407554487,india,2,25,2,0,True
S1-894321687,india,1,25,1,0,True
S1-748540962,india,2,25,1,1,False
S1-942449735,india,2,25,2,0,True
S1-563715989,us,4,25,4,0,True
S1-235223136,us,3,25,3,0,True
S1-603318865,us,6,25,5,1,False
S1-755546342,us,2,25,2,0,True
S1-510937618,india,3,25,3,0,True
S1-541962667,us,4,25,4,0,True
S1-57861376,us,3,25,3,0,True
S1-415274790,us,3,25,3,0,True
S1-688328227,us,3,25,3,0,True
S1-216986373,us,3,25,3,0,True
S1-253317437,us,1,1,1,0,True
S1-224729402,india,4,25,3,1,False
S1-404818756,us,0,25,0,0,True
S1-779180246,india,1,25,1,0,True
S1-22744074,us,2,25,2,0,True
S1-308760358,us,2,25,2,0,True
S1-553712807,us,4,13,2,2,False
S1-862092661,us,0,25,0,0,True
S1-520361644,us,2,25,2,0,True
S1-735713081,us,3,25,3,0,True
S1-684012770,us,3,25,3,0,True
S1-382234885,us,3,25,3,0,True
S1-744150463,us,5,25,5,0,True
S1-119783341,india,2,25,2,0,True
S1-189749525,us,1,25,1,0,True
S1-928763911,us,4,8,3,1,False
S1-376882708,us,3,25,3,0,True
S1-615802022,us,3,25,3,0,True
S1-508039162,india,5,25,5,0,True
S1-521250108,us,3,25,3,0,True
S1-584177675,india,5,25,5,0,True
S1-108551334,india,5,25,5,0,True
S1-777263507,us,4,25,4,0,True
S1-191756474,us,4,25,4,0,True
S1-173853575,us,9,25,9,0,True
S1-579682598,india,3,25,3,0,True
S1-996189067,us,3,25,3,0,True
S1-748867572,us,5,25,4,1,False
S1-867508043,us,7,25,6,1,False
S1-143410687,us,3,25,3,0,True
S1-874716873,us,1,25,1,0,True
S1-509991975,us,5,25,5,0,True
S1-371729996,india,3,25,3,0,True
S1-305869423,us,3,25,3,0,True
S1-261865426,india,3,25,3,0,True
S1-366242630,us,0,25,0,0,True
S1-170295653,us,7,25,7,0,True
S1-489691585,us,2,25,2,0,True
S1-746273151,us,0,25,0,0,True
S1-402366232,india,6,25,6,0,True
S1-912855728,india,6,25,4,2,False
S1-945702783,us,6,25,6,0,True
S1-772116613,us,3,25,3,0,True
S1-633779655,us,2,25,2,0,True
S1-705632806,india,4,25,4,0,True
S1-391448154,us,1,25,1,0,True
S1-481652414,us,4,25,4,0,True
S1-546325650,us,3,25,2,1,False
S1-529137899,us,2,25,2,0,True
S1-391322859,us,0,25,0,0,True
S1-866560305,us,7,25,6,1,False
S1-993527714,us,2,25,1,1,False
S1-169008536,india,4,25,1,3,False
S1-189106248,us,4,25,4,0,True
S1-204456890,india,4,25,4,0,True
S1-803940269,india,6,25,6,0,True
S1-384217569,india,3,25,3,0,True
S1-508273585,india,5,25,5,0,True
S1-198362345,india,4,16,4,0,True
S1-698844461,us,4,25,4,0,True
S1-927736109,us,5,25,5,0,True
S1-904102874,us,2,25,2,0,True
S1-736761428,us,5,25,5,0,True
S1-790095129,us,5,25,5,0,True
S1-470699785,us,2,25,1,1,False
S1-612138552,india,3,25,3,0,True
S1-990759721,us,3,25,3,0,True
S1-168393938,us,3,25,3,0,True
S1-388874339,us,3,13,3,0,True
S1-645713459,us,5,25,5,0,True
S1-486348428,india,3,25,3,0,True
S1-868970423,us,3,25,3,0,True
S1-360225492,india,4,25,4,0,True
S1-150829563,us,4,25,4,0,True
S1-801212938,us,3,25,3,0,True
S1-725894936,india,1,25,1,0,True
S1-403838225,us,1,25,1,0,True
S1-401074421,us,3,25,3,0,True
S1-371671884,india,4,25,4,0,True
S1-357079669,india,5,25,5,0,True
S1-679660495,us,2,25,2,0,True
S1-44634215,india,4,25,3,1,False
S1-405829810,india,6,25,6,0,True
S1-950606510,us,3,25,3,0,True
S1-306949675,us,2,25,2,0,True
S1-149458465,us,4,25,4,0,True
S1-164676607,us,3,25,3,0,True
S1-920710760,india,3,25,3,0,True
S1-499809025,india,2,25,2,0,True
S1-436985273,us,2,25,1,1,False
S1-147057413,us,2,25,2,0,True
S1-615024355,us,0,25,0,0,True
S1-259452306,us,3,25,3,0,True
S1-842896537,us,6,25,6,0,True
S1-114991238,india,0,25,0,0,True
S1-222216823,india,3,25,3,0,True
S1-296273640,us,4,25,4,0,True
S1-402046621,us,0,25,0,0,True
S1-196459131,india,2,25,1,1,False
S1-807405756,us,4,25,4,0,True
S1-945770627,india,5,25,5,0,True
S1-910267858,us,3,25,3,0,True
S1-200656762,us,5,25,5,0,True
S1-730232581,india,3,25,3,0,True
S1-749912968,us,4,25,4,0,True
S1-582176190,us,2,25,2,0,True
S1-863544866,india,4,25,4,0,True
S1-154824365,us,4,25,4,0,True
S1-166332747,us,4,25,4,0,True
S1-553547335,us,2,25,2,0,True
S1-563661207,india,4,25,4,0,True
S1-902150059,india,4,25,4,0,True
S1-467166423,us,4,25,4,0,True
S1-65481235,us,5,25,5,0,True
S1-629358782,india,4,25,4,0,True
S1-429703746,india,4,25,4,0,True
S1-670583718,us,3,25,3,0,True
S1-257800967,us,4,25,4,0,True
S1-522840559,us,6,25,6,0,True
S1-60048111,us,0,25,0,0,True
S1-261125897,us,2,25,2,0,True
S1-16839245,us,2,25,2,0,True
S1-658466275,us,2,25,2,0,True
S1-471214180,india,4,25,4,0,True
S1-545578977,us,6,25,6,0,True
S1-820114606,india,1,25,1,0,True
S1-603849231,india,2,25,1,1,False
S1-34569924,us,4,25,4,0,True
S1-607311453,us,2,25,2,0,True
S1-829163315,us,1,25,1,0,True
S1-378164136,india,2,25,2,0,True
S1-617741036,us,3,25,3,0,True
S1-155893581,us,3,25,3,0,True
S1-136588069,us,4,25,4,0,True
S1-135392637,us,3,25,3,0,True
S1-900882482,us,3,25,3,0,True
S1-207827400,india,4,25,4,0,True
S1-924197183,us,3,25,3,0,True
S1-545582895,india,0,25,0,0,True
S1-830737832,india,2,25,1,1,False
S1-157183174,us,4,25,3,1,False
S1-806145538,india,3,25,2,1,False
S1-981127042,india,2,25,2,0,True
S1-638466806,india,6,25,6,0,True
S1-110295930,us,4,25,3,1,False
S1-955330970,us,4,25,4,0,True
S1-687143677,us,3,9,3,0,True
S1-358631275,us,3,9,2,1,False
S1-991504592,us,4,25,4,0,True
S1-130034572,us,2,25,2,0,True
S1-236312382,us,3,25,3,0,True
S1-30695964,us,3,25,3,0,True
S1-4962711,us,4,25,2,2,False
S1-850031175,us,5,25,5,0,True
S1-605304876,us,1,25,1,0,True
S1-536488324,us,5,25,5,0,True
S1-979267636,india,5,25,5,0,True
S1-274758214,india,4,8,4,0,True
S1-689135051,india,3,25,3,0,True
S1-811004970,us,4,25,4,0,True
S1-718976444,india,3,25,2,1,False
S1-481435511,us,6,25,6,0,True
S1-809295456,india,5,25,3,2,False
S1-513467754,us,3,25,3,0,True
S1-810581309,india,3,25,3,0,True
S1-92768400,us,0,25,0,0,True
S1-84979808,india,2,25,2,0,True
S1-273577921,us,1,25,0,1,False
S1-373810395,india,4,25,2,2,False
S1-85024477,india,3,25,3,0,True
S1-670760748,us,3,25,3,0,True
S1-136894582,us,4,25,4,0,True
S1-621761582,india,4,25,2,2,False
S1-753180274,us,2,25,2,0,True
S1-883468618,india,4,25,4,0,True
S1-451998438,india,6,25,6,0,True
S1-269039848,us,4,25,3,1,False
S1-891521501,india,3,25,3,0,True
S1-985708703,us,3,25,3,0,True
S1-497340561,us,4,25,4,0,True
S1-48201804,us,6,25,6,0,True
S1-302623297,india,5,25,2,3,False
S1-569100881,india,3,25,3,0,True
S1-929555475,india,0,25,0,0,True
S1-861696207,us,4,25,4,0,True
S1-335752330,us,5,25,4,1,False
S1-253185653,india,4,25,3,1,False
S1-120848698,india,2,25,1,1,False
S1-465082733,india,5,25,5,0,True
S1-971788456,us,9,25,9,0,True
S1-221396644,us,3,25,3,0,True
S1-57549624,us,3,25,3,0,True
S1-550190717,us,3,25,3,0,True
S1-463548524,india,6,25,6,0,True
S1-659821047,us,7,25,7,0,True
S1-962621727,india,5,25,5,0,True
S1-801306682,india,4,25,4,0,True
S1-313386776,us,4,25,3,1,False
S1-640566342,us,7,25,7,0,True
S1-921706387,us,6,25,6,0,True
S1-369859179,india,4,25,4,0,True
S1-241670741,us,3,25,3,0,True
S1-720468760,us,3,25,3,0,True
S1-630223771,india,4,25,1,3,False
S1-706591875,us,2,25,2,0,True
S1-998375147,us,3,25,3,0,True
S1-227692321,us,3,25,3,0,True
S1-949279814,us,5,25,2,3,False
S1-626449312,us,5,25,5,0,True
S1-439680514,us,3,25,3,0,True
S1-571938194,us,2,25,1,1,False
S1-587645790,india,6,25,4,2,False
S1-755898212,india,5,25,5,0,True
S1-796167853,us,3,25,3,0,True
S1-695421300,india,0,25,0,0,True
S1-805440050,us,5,25,4,1,False
S1-205889045,us,5,25,4,1,False
S1-603442937,india,2,25,2,0,True
S1-561314507,us,3,25,3,0,True
S1-860285918,us,3,25,3,0,True
S1-633198652,us,6,25,6,0,True
S1-740943681,us,3,25,2,1,False
S1-491232871,us,3,25,3,0,True
S1-378652653,us,4,25,4,0,True
S1-341378122,us,2,11,2,0,True
S1-336947450,us,2,25,2,0,True
S1-841221633,india,2,25,2,0,True
S1-509723568,us,4,25,4,0,True
S1-428709431,us,3,25,3,0,True
S1-401150950,india,3,25,3,0,True
S1-967056839,india,3,25,2,1,False
S1-230395971,us,4,25,4,0,True
S1-507776698,india,8,25,8,0,True
S1-17666546,us,3,25,3,0,True
S1-749675254,us,4,25,4,0,True
S1-200558166,us,1,25,1,0,True
S1-292766321,us,6,25,6,0,True
S1-910195628,us,0,25,0,0,True
S1-932539298,us,5,25,5,0,True
S1-650641874,us,3,25,2,1,False
S1-590576171,us,4,25,4,0,True
S1-904996225,us,6,25,6,0,True
S1-380060263,india,6,25,6,0,True
S1-515029365,us,4,25,4,0,True
S1-315450523,us,1,25,1,0,True
S1-11246184,us,6,25,5,1,False
S1-27508378,us,5,25,5,0,True
S1-176496041,india,4,25,2,2,False
S1-319761497,india,4,6,4,0,True
S1-727678401,us,5,25,5,0,True
S1-253674677,us,3,22,3,0,True
S1-558736111,india,2,25,2,0,True
S1-931497424,us,4,25,4,0,True
S1-714975960,us,3,25,3,0,True
S1-200596438,us,4,25,4,0,True
S1-308686319,india,5,25,4,1,False
S1-949793542,india,2,2,2,0,True
S1-629417405,us,7,25,6,1,False
S1-549795649,india,2,25,2,0,True
S1-909481393,us,4,25,4,0,True
S1-165890090,india,5,25,5,0,True
S1-43216757,india,4,25,4,0,True
S1-210122431,us,2,25,2,0,True
S1-97005839,us,2,7,2,0,True
S1-245096108,us,1,25,1,0,True
S1-662614977,india,5,25,3,2,False
S1-560853131,us,3,25,3,0,True
S1-941796285,us,3,12,3,0,True
S1-20091251,india,4,25,4,0,True
S1-780599979,us,3,25,3,0,True
S1-67951851,india,2,25,2,0,True
S1-174357952,us,4,25,4,0,True
S1-996523584,india,4,25,4,0,True
S1-422936323,us,4,25,4,0,True
S1-355821652,india,4,25,3,1,False
S1-349554399,us,5,25,5,0,True
S1-857839601,us,0,25,0,0,True
S1-970518712,india,3,25,3,0,True
S1-89093509,india,2,25,2,0,True
S1-181172933,india,3,25,1,2,False
S1-622231151,us,0,25,0,0,True
S1-590082446,india,3,25,3,0,True
S1-830300644,us,3,25,3,0,True
S1-303060578,us,6,25,6,0,True
S1-175963448,us,3,25,3,0,True
S1-956991162,us,4,25,4,0,True
S1-979042353,india,0,25,0,0,True
S1-732998814,india,2,25,1,1,False
S1-227128708,india,7,25,7,0,True
S1-896142542,india,6,25,6,0,True
S1-965549055,us,4,25,4,0,True
S1-335722233,us,3,25,3,0,True
S1-148265622,us,1,25,1,0,True
S1-979972083,us,4,25,4,0,True
S1-885729259,us,0,25,0,0,True
S1-633129109,india,4,25,4,0,True
S1-213642432,india,4,25,4,0,True
S1-542424915,india,2,25,2,0,True
S1-279736597,us,4,25,4,0,True
S1-486816598,india,6,25,6,0,True
S1-42637588,us,3,25,3,0,True
S1-479239049,india,2,25,2,0,True
S1-571777559,india,2,25,1,1,False
S1-327143985,us,3,25,3,0,True
S1-541080274,india,6,25,5,1,False
S1-100302483,india,0,25,0,0,True
S1-630839433,us,4,25,3,1,False
S1-127835134,us,5,25,5,0,True
S1-943567301,us,4,25,4,0,True
S1-246574404,india,3,25,3,0,True
S1-60550637,us,4,25,4,0,True
S1-561258175,us,6,25,6,0,True
S1-537393121,us,6,25,5,1,False
S1-654697159,india,4,25,4,0,True
S1-90128015,us,5,25,4,1,False
S1-635797953,india,3,25,3,0,True
S1-952867453,us,1,25,1,0,True
S1-523999331,us,2,25,2,0,True
S1-270844042,india,5,25,5,0,True
S1-445131173,us,7,25,7,0,True
S1-488506845,us,3,25,3,0,True
S1-732585910,us,6,25,6,0,True
S1-476431309,india,3,25,3,0,True
S1-715992753,india,2,25,2,0,True
S1-521605108,india,3,25,3,0,True
S1-448733076,us,6,25,6,0,True
S1-624045976,india,4,25,4,0,True
S1-842497118,us,3,25,3,0,True
S1-47765963,india,2,25,1,1,False
S1-502043608,india,4,25,3,1,False
S1-97577130,us,2,22,2,0,True
S1-476022166,us,3,25,3,0,True
S1-309349399,us,0,25,0,0,True
S1-598142896,india,0,25,0,0,True
S1-855703255,us,3,25,3,0,True
S1-713918708,india,3,25,3,0,True
S1-485776900,us,2,25,2,0,True
S1-866054791,india,2,25,2,0,True
S1-543722172,us,3,25,3,0,True
S1-429112441,india,2,25,2,0,True
S1-642038314,us,3,25,3,0,True
S1-856710782,india,5,25,2,3,False
S1-828917180,us,5,25,5,0,True
S1-719919136,india,2,25,1,1,False
S1-683277802,india,6,25,3,3,False
S1-550807948,us,7,25,7,0,True
S1-692594454,india,7,25,5,2,False
S1-60151568,us,2,25,2,0,True
S1-470841570,us,4,25,4,0,True
S1-316205545,india,3,25,3,0,True
S1-933416979,us,0,25,0,0,True
S1-727253169,us,3,25,2,1,False
S1-329014655,us,2,25,2,0,True
S1-420365721,india,0,25,0,0,True
S1-748732045,us,3,25,3,0,True
S1-480806934,us,3,25,3,0,True
S1-414487608,india,3,25,1,2,False
S1-795195261,us,3,25,3,0,True
S1-401372098,us,3,25,3,0,True
S1-905986016,us,3,25,3,0,True
S1-824426077,us,1,25,1,0,True
S1-500369022,india,5,25,5,0,True
S1-350018831,us,3,25,3,0,True
S1-406771676,india,5,25,4,1,False
S1-92502000,india,3,25,3,0,True
S1-685073108,us,2,25,2,0,True
S1-972926059,india,2,25,2,0,True
S1-212949733,india,0,4,0,0,True
S1-460386089,us,2,25,2,0,True
S1-122618676,us,3,25,3,0,True
S1-418840732,us,2,25,2,0,True
S1-136767225,us,2,25,2,0,True
S1-154882565,us,6,25,6,0,True
S1-770963722,us,4,25,4,0,True
S1-375224050,india,5,25,4,1,False
S1-774320076,us,5,25,4,1,False
S1-177887676,us,4,25,4,0,True
S1-990163439,us,2,25,2,0,True
S1-896341705,us,4,25,4,0,True
S1-297374091,us,3,25,3,0,True
S1-359908548,us,2,25,2,0,True
S1-295624434,us,6,25,6,0,True
S1-161210403,india,4,25,4,0,True
S1-804025354,us,2,25,2,0,True
S1-888227080,us,2,25,2,0,True
S1-374475963,us,8,25,8,0,True
S1-784514331,us,2,25,2,0,True
S1-430997146,us,3,25,3,0,True
S1-474409913,us,4,25,4,0,True
S1-266640251,india,4,25,4,0,True
S1-272091966,us,4,25,4,0,True
S1-469858503,us,5,25,5,0,True
S1-911365600,us,3,25,3,0,True
S1-461144982,india,9,25,8,1,False
S1-112923460,us,3,25,3,0,True
S1-40045119,us,5,25,5,0,True
S1-977929015,us,2,25,2,0,True
S1-471942318,us,2,25,2,0,True
S1-227041360,us,4,25,4,0,True
S1-111273522,us,4,25,4,0,True
S1-739672849,us,6,25,5,1,False
S1-848852562,india,7,25,7,0,True
S1-103952189,us,4,5,4,0,True
S1-324907389,us,2,25,2,0,True
S1-633109512,india,4,25,4,0,True
S1-419304665,india,4,25,4,0,True
S1-159375199,us,3,25,3,0,True
S1-921473285,india,8,25,8,0,True
S1-820060849,india,5,25,5,0,True
S1-187558029,us,5,25,5,0,True
S1-492467148,us,1,25,1,0,True
S1-616755144,us,2,25,2,0,True
S1-54921719,us,4,25,4,0,True
S1-299628100,us,5,25,5,0,True
S1-23669343,us,4,25,4,0,True
S1-43286229,india,2,25,2,0,True
S1-262658142,us,4,25,4,0,True
S1-487865990,us,5,25,5,0,True
S1-492381760,india,3,25,3,0,True
S1-790887991,india,5,25,5,0,True
S1-340996011,india,1,25,1,0,True
S1-37245133,india,2,25,2,0,True
S1-538780979,india,6,25,6,0,True
S1-160840431,us,6,25,4,2,False
S1-854452990,india,2,25,2,0,True
S1-939058378,us,4,25,4,0,True
S1-246478198,india,4,25,2,2,False
S1-512939885,india,4,25,4,0,True
S1-102971431,india,3,25,3,0,True
S1-63719584,us,3,25,2,1,False
S1-352600381,india,4,25,4,0,True
S1-528810007,india,7,25,6,1,False
S1-171387573,us,3,25,3,0,True
S1-492492052,us,3,25,3,0,True
S1-148845479,us,5,25,5,0,True
S1-650051667,india,0,25,0,0,True
S1-192530794,india,3,25,3,0,True
S1-904479856,us,4,25,4,0,True
S1-966587445,us,2,25,2,0,True
S1-246391281,india,2,25,2,0,True
S1-366945019,india,2,25,2,0,True
S1-349458496,us,4,25,4,0,True
S1-865819910,india,4,25,4,0,True
S1-220020462,us,6,25,6,0,True
S1-639091249,india,2,14,2,0,True
S1-840622396,us,1,25,1,0,True
S1-458223959,us,2,25,2,0,True
S1-439111395,us,5,25,5,0,True
S1-299302218,us,5,25,5,0,True
S1-333207746,us,4,25,4,0,True
S1-390189180,us,3,25,3,0,True
S1-240050566,us,6,25,6,0,True
S1-975769032,us,3,25,3,0,True
S1-633819812,us,2,25,2,0,True
S1-205103751,us,4,25,4,0,True
S1-144335241,india,4,25,4,0,True
S1-766482715,india,3,25,3,0,True
S1-857865367,us,4,25,3,1,False
S1-592043070,india,3,25,3,0,True
S1-500072209,us,0,25,0,0,True
S1-601117798,us,3,25,3,0,True
S1-948479685,india,2,25,2,0,True
S1-5710979,us,2,25,2,0,True
S1-116561830,us,2,25,2,0,True
S1-800538103,us,1,25,1,0,True
S1-699652036,us,4,25,4,0,True
S1-176550551,us,3,25,3,0,True
S1-129885988,us,6,25,6,0,True
S1-326497906,india,3,3,2,1,False
S1-422006769,india,3,25,2,1,False
S1-480055007,india,5,25,5,0,True
S1-202517222,us,1,25,1,0,True
S1-575511645,us,3,25,3,0,True
S1-901087398,us,2,25,2,0,True
S1-739611320,us,4,25,4,0,True
S1-638110492,india,2,25,2,0,True
S1-154437507,us,4,25,4,0,True
S1-384585623,us,1,25,1,0,True
S1-444149322,us,4,25,4,0,True
S1-344557977,india,2,25,1,1,False
S1-65820296,us,7,25,7,0,True
S1-836747974,india,4,25,4,0,True
S1-999023589,india,4,25,3,1,False
S1-116247627,us,6,25,6,0,True
S1-18557885,india,1,25,0,1,False
S1-868064087,india,6,25,6,0,True
S1-865415130,us,2,25,2,0,True
S1-283808530,us,4,25,4,0,True
S1-748364403,us,5,25,5,0,True
S1-647822760,us,3,25,3,0,True
S1-293072113,india,5,25,5,0,True
S1-491664006,india,5,25,5,0,True
S1-881510394,india,2,25,2,0,True
S1-886852861,us,6,25,6,0,True
S1-392219093,india,5,6,5,0,True
S1-796967309,us,3,25,3,0,True
S1-452691275,india,2,25,2,0,True
S1-355850450,us,3,25,3,0,True
S1-652302768,us,5,25,4,1,False
S1-684205378,us,2,25,2,0,True
S1-766307478,us,2,25,2,0,True
S1-593682333,us,3,25,3,0,True
S1-417202716,us,3,25,3,0,True
S1-684959382,us,6,25,6,0,True
S1-449251995,india,4,25,4,0,True
S1-429137290,india,3,25,3,0,True
S1-629036279,india,6,11,6,0,True
S1-349075346,us,4,25,4,0,True
S1-444583674,us,0,25,0,0,True
S1-951376783,us,3,25,3,0,True
S1-560985660,us,6,25,5,1,False
S1-974716750,us,0,25,0,0,True
S1-533445371,us,6,7,5,1,False
S1-573068519,us,2,25,2,0,True
S1-12025275,us,1,25,1,0,True
S1-385411565,us,5,25,5,0,True
S1-820196196,india,5,25,4,1,False
S1-104540583,us,5,25,5,0,True
S1-906572599,us,4,25,1,3,False
S1-811729588,us,6,8,6,0,True
S1-192327811,india,3,1,1,2,False
S1-906281937,us,6,25,6,0,True
S1-431659504,us,2,25,2,0,True
S1-947201313,us,4,25,4,0,True
S1-465739288,us,3,25,2,1,False
S1-106671505,us,3,25,3,0,True
S1-665331349,india,0,25,0,0,True
S1-184420835,india,5,25,5,0,True
S1-199582884,india,5,25,5,0,True
S1-909454649,us,5,25,5,0,True
S1-291991311,us,5,25,5,0,True
S1-529619943,us,7,25,7,0,True
S1-126927804,india,6,25,5,1,False
S1-528999441,us,3,25,3,0,True
S1-469535575,india,5,25,5,0,True
S1-98442615,india,4,25,4,0,True
S1-158380911,us,3,25,3,0,True
S1-95925372,us,4,25,3,1,False
S1-404495136,us,0,25,0,0,True
S1-546702803,india,4,25,4,0,True
S1-493363382,us,4,25,4,0,True
S1-921815569,us,4,25,4,0,True
S1-977704542,us,3,25,3,0,True
S1-953470089,india,3,25,2,1,False
S1-55790876,us,3,25,3,0,True
S1-602806324,india,3,25,2,1,False
S1-990996106,us,6,25,6,0,True
S1-737977090,us,3,25,3,0,True
S1-537126138,us,4,25,4,0,True
S1-52451029,us,3,25,3,0,True
S1-108888770,india,3,25,3,0,True
S1-503153309,us,1,25,1,0,True
S1-873927210,india,4,25,3,1,False
S1-137529648,india,5,14,5,0,True
S1-893165350,india,2,25,2,0,True
S1-291817418,us,5,25,5,0,True
S1-824324746,us,3,25,3,0,True
S1-945827504,india,4,25,4,0,True
S1-783394116,us,5,25,5,0,True
S1-874147929,us,3,25,3,0,True
S1-580432162,us,4,25,4,0,True
S1-511863452,us,5,25,4,1,False
S1-646143601,us,3,25,3,0,True
S1-657626552,india,3,25,3,0,True
S1-959671957,india,6,25,6,0,True
S1-402902918,us,5,25,4,1,False
S1-279014952,india,2,25,2,0,True
S1-294553406,us,0,13,0,0,True
S1-868335410,us,3,25,3,0,True
S1-229996942,us,4,25,4,0,True
S1-342547011,us,6,25,6,0,True
S1-790746809,india,3,25,3,0,True
S1-979513513,india,5,25,5,0,True
S1-392245358,us,5,25,5,0,True
S1-14816581,us,3,25,3,0,True
S1-861208837,us,2,25,2,0,True
S1-975150347,india,1,25,1,0,True
S1-272340452,india,5,25,3,2,False
S1-64057623,india,7,25,6,1,False
S1-613244295,us,4,25,4,0,True
S1-941651618,india,2,25,1,1,False
S1-42848680,india,2,25,2,0,True
S1-286557884,us,3,25,2,1,False
S1-920341118,us,4,25,4,0,True
S1-59409377,us,2,25,1,1,False
S1-289717548,us,3,25,3,0,True
S1-971115873,us,7,25,7,0,True
S1-507693271,us,4,25,4,0,True
S1-627406325,india,5,25,5,0,True
S1-889968618,us,6,25,6,0,True
S1-636300381,us,4,25,4,0,True
S1-126740965,us,3,25,3,0,True
S1-411146541,us,2,25,2,0,True
S1-700681666,us,2,25,2,0,True
S1-531110798,us,5,25,5,0,True
S1-668150019,us,0,25,0,0,True
S1-967577604,us,2,25,2,0,True
S1-486510827,india,3,25,1,2,False
S1-293891244,india,4,25,4,0,True
S1-797086028,us,5,25,5,0,True
S1-527944320,us,2,25,2,0,True
S1-721592216,us,3,25,3,0,True
S1-348673679,india,3,25,3,0,True
S1-983373292,us,5,25,5,0,True
S1-488645480,us,0,25,0,0,True
S1-621858889,us,4,25,4,0,True
S1-800072803,india,4,25,4,0,True
S1-629806428,us,5,25,5,0,True
S1-696636634,us,3,25,3,0,True
S1-705522256,india,4,25,4,0,True
S1-979266640,us,2,25,2,0,True
S1-916406672,us,5,25,5,0,True
S1-997382020,us,5,25,5,0,True
S1-13864555,us,3,25,3,0,True
S1-637465929,india,2,25,2,0,True
S1-279157594,india,6,25,6,0,True
S1-867189499,us,4,25,4,0,True
S1-298877090,us,3,25,3,0,True
S1-78278999,us,0,25,0,0,True
S1-702535028,us,3,25,3,0,True
S1-109339365,india,3,25,3,0,True
S1-200004381,us,3,25,3,0,True
S1-198026451,india,5,25,4,1,False
S1-789383606,us,3,25,3,0,True
S1-357344139,us,4,25,4,0,True
S1-775313117,us,4,25,4,0,True
S1-561463598,india,4,25,4,0,True
S1-432962984,us,4,25,4,0,True
S1-245009508,india,2,22,2,0,True
S1-296448605,india,2,25,2,0,True
S1-636234159,us,3,25,3,0,True
S1-143665407,us,0,25,0,0,True
S1-195058161,india,0,25,0,0,True
S1-799095862,us,2,25,2,0,True
S1-786638184,us,2,25,2,0,True
S1-520730944,india,2,25,2,0,True
S1-754543752,us,3,25,3,0,True
S1-796183067,us,3,25,3,0,True
S1-742245952,us,4,25,4,0,True
S1-493852609,us,3,25,3,0,True
S1-752808975,india,5,25,4,1,False
S1-268426904,india,7,25,6,1,False
S1-53323215,india,0,25,0,0,True
S1-428632,us,2,25,2,0,True
S1-213301344,us,2,25,2,0,True
S1-66358218,us,4,25,4,0,True
S1-404466688,us,2,25,2,0,True
S1-376134253,us,6,14,6,0,True
S1-949211377,us,5,25,5,0,True
S1-751613997,india,5,25,5,0,True
S1-431241109,india,6,25,5,1,False
S1-767371184,india,6,25,6,0,True
S1-656871963,india,0,25,0,0,True
S1-665989323,us,6,25,6,0,True
S1-371864811,us,4,25,4,0,True
S1-878053360,us,3,25,3,0,True
S1-273979066,india,5,25,5,0,True
S1-970298997,india,1,25,1,0,True
S1-13053649,india,5,25,3,2,False
S1-858511549,india,3,25,1,2,False
S1-804171096,us,6,25,6,0,True
S1-354996295,us,3,25,3,0,True
S1-631840437,us,4,25,4,0,True
S1-307185770,india,5,25,3,2,False
S1-747060914,india,5,25,5,0,True
S1-107328074,us,1,25,1,0,True
S1-172667135,us,1,25,1,0,True
S1-932827505,india,6,5,2,4,False
S1-358150651,india,4,25,4,0,True
S1-165891282,india,1,25,1,0,True
S1-58842783,us,5,25,5,0,True
S1-516659558,us,3,25,3,0,True
S1-58259520,us,4,25,3,1,False
S1-342429842,us,3,25,3,0,True
S1-73968355,us,3,25,3,0,True
S1-39641619,india,4,25,1,3,False
S1-47756016,india,1,25,1,0,True
S1-397285371,us,6,25,6,0,True
S1-25750233,us,4,25,4,0,True
S1-724752961,india,4,25,4,0,True
S1-78166516,us,2,25,2,0,True
S1-897981396,india,4,25,4,0,True
S1-417526535,us,3,25,3,0,True
S1-823023497,us,4,25,3,1,False
S1-156883486,us,5,25,5,0,True
S1-177144918,us,0,25,0,0,True
S1-983588293,us,4,25,4,0,True
S1-662105929,us,4,25,4,0,True
S1-328471041,india,6,25,6,0,True
S1-702463907,us,6,25,6,0,True
S1-328447918,us,4,25,4,0,True
S1-722985117,india,2,25,1,1,False
S1-847883289,us,3,25,3,0,True
S1-16803013,india,3,25,2,1,False
S1-903522341,us,5,25,5,0,True
S1-234223484,us,1,25,1,0,True
S1-563382731,us,6,25,6,0,True
S1-422473631,india,2,25,2,0,True
S1-996332987,india,0,25,0,0,True
S1-619895264,us,4,25,4,0,True
S1-881535873,india,4,25,3,1,False
S1-346159233,india,4,25,4,0,True
S1-84838337,us,4,25,4,0,True
S1-581116416,us,7,25,7,0,True
S1-870660635,us,5,25,5,0,True
S1-3341015,us,3,25,3,0,True
S1-669754446,india,4,25,4,0,True
S1-169036830,us,1,23,1,0,True
S1-953407596,india,2,25,2,0,True
S1-455541032,india,4,25,3,1,False
S1-411592446,india,6,25,3,3,False
S1-996684915,india,2,25,2,0,True
S1-330281696,india,5,25,3,2,False
S1-559946790,us,4,25,3,1,False
S1-625845694,us,4,25,4,0,True
S1-404657424,us,3,25,3,0,True
S1-534915350,us,3,25,3,0,True
S1-363414052,us,4,9,3,1,False
S1-7101839,india,2,25,2,0,True
S1-891297605,us,3,25,3,0,True
S1-44872528,india,7,25,6,1,False
S1-361650761,us,5,25,5,0,True
S1-893159896,us,6,25,6,0,True
S1-830790643,india,1,25,1,0,True
S1-628169346,us,3,25,3,0,True
S1-438430300,india,4,25,3,1,False
S1-944430830,india,3,25,0,3,False
S1-589521969,us,2,25,2,0,True
S1-416130915,us,3,25,3,0,True
S1-627144525,us,0,25,0,0,True
S1-304099102,us,2,25,2,0,True
S1-764123824,us,2,25,2,0,True
S1-917085859,india,3,25,2,1,False
S1-355110377,us,3,25,3,0,True
S1-247132924,india,6,25,4,2,False
S1-580992307,india,6,25,3,3,False
S1-408835967,india,5,25,5,0,True
S1-694979060,india,5,25,3,2,False
S1-797931932,us,3,25,3,0,True
S1-979463930,us,5,25,5,0,True
S1-310744384,india,6,25,6,0,True
S1-263277646,india,5,25,5,0,True
S1-780893579,india,2,25,2,0,True
S1-643318152,india,6,25,5,1,False
S1-67904101,india,0,0,0,0,True
S1-2169715,us,4,25,4,0,True
S1-745322775,india,6,25,6,0,True
S1-751888247,us,4,25,4,0,True
S1-612605958,us,4,25,4,0,True
S1-707311952,india,3,25,3,0,True
S1-399649742,india,4,25,4,0,True
S1-796227187,us,3,25,3,0,True
S1-673040139,us,3,25,3,0,True
S1-412692042,india,3,25,3,0,True
S1-277346734,us,3,25,3,0,True
S1-791176254,us,4,25,4,0,True
S1-93806322,india,5,25,4,1,False
S1-364278564,us,2,25,2,0,True
S1-225330324,us,0,25,0,0,True
S1-6381641,india,4,25,3,1,False
S1-895983230,us,6,25,6,0,True
S1-674558177,india,5,25,5,0,True
S1-773889195,us,6,25,5,1,False
S1-840156337,us,3,14,3,0,True
S1-913450089,us,5,25,5,0,True
S1-328677340,india,6,25,5,1,False
S1-951871591,india,3,25,3,0,True
S1-764521587,india,0,25,0,0,True
S1-823262268,india,2,25,2,0,True
S1-438047370,us,5,25,5,0,True
S1-407867221,india,6,25,5,1,False
S1-564223388,us,3,25,3,0,True
S1-747808656,us,5,25,5,0,True
S1-787572508,us,4,25,4,0,True
S1-194603851,us,3,25,3,0,True
S1-861378966,india,8,25,8,0,True
S1-296742140,us,3,25,3,0,True
S1-74446127,us,4,25,3,1,False
S1-631362920,us,3,25,3,0,True
S1-549370199,us,5,25,5,0,True
S1-852845726,india,4,25,3,1,False
S1-618141630,us,4,25,4,0,True
S1-799213255,us,2,25,2,0,True
S1-657025372,us,7,25,7,0,True
S1-820009183,india,3,25,2,1,False
S1-173906255,us,3,25,3,0,True
S1-349719765,us,4,25,4,0,True
S1-583059672,us,2,25,2,0,True
S1-290019824,india,3,25,2,1,False
S1-868691454,us,5,25,5,0,True
S1-798978238,us,6,25,5,1,False
S1-224750703,us,4,25,4,0,True
S1-153496771,us,4,25,4,0,True
S1-545790155,us,2,25,2,0,True
S1-546089988,us,4,25,4,0,True
S1-72369296,india,4,25,4,0,True
S1-455806760,us,2,25,2,0,True
S1-994304,india,0,15,0,0,True
S1-908498505,us,6,25,4,2,False
S1-65852263,india,2,25,2,0,True
S1-262506206,us,5,25,5,0,True
S1-644513630,india,2,25,2,0,True
S1-803808238,us,4,25,4,0,True
S1-321042893,us,2,25,2,0,True
S1-628436260,india,3,25,2,1,False
S1-610334774,us,7,25,7,0,True
S1-98579303,india,4,25,4,0,True
S1-369058465,us,3,25,3,0,True
S1-473606105,us,7,25,7,0,True
S1-903790267,india,2,25,2,0,True
S1-152874921,us,2,25,2,0,True
S1-851769617,us,5,25,4,1,False
S1-19121821,us,3,25,3,0,True
S1-51590630,us,4,21,2,2,False
S1-571115458,us,2,25,2,0,True
S1-19868030,us,4,25,4,0,True
S1-602752445,india,5,25,5,0,True
S1-821099846,india,2,25,2,0,True
S1-308671803,us,3,10,3,0,True
S1-997853874,us,5,25,5,0,True
S1-812486340,india,0,25,0,0,True
S1-919867800,india,4,25,3,1,False
S1-198041406,us,3,25,3,0,True
S1-88905792,india,4,25,4,0,True
S1-896753754,india,4,25,3,1,False
S1-30804621,india,3,25,3,0,True
S1-581574549,us,5,25,5,0,True
S1-91085118,india,6,25,4,2,False
S1-561247776,india,1,25,1,0,True
S1-124712855,india,3,25,3,0,True
S1-861123839,us,3,25,3,0,True
S1-460136045,india,5,25,3,2,False
S1-809307002,india,3,25,3,0,True
S1-235106542,india,2,25,1,1,False
S1-393818512,us,3,25,3,0,True
S1-646968667,india,2,25,2,0,True
S1-519076290,india,6,25,3,3,False
S1-234119489,india,6,25,6,0,True
S1-388865106,us,3,25,3,0,True
S1-606170022,india,2,25,2,0,True
S1-952894638,india,4,25,4,0,True
S1-908800416,us,4,25,4,0,True
S1-255826527,india,1,25,1,0,True
S1-496288380,india,2,25,2,0,True
S1-379512171,india,2,11,2,0,True
S1-767396971,india,4,25,3,1,False
S1-369538847,us,0,25,0,0,True
S1-676936062,us,6,25,6,0,True
S1-308950242,us,4,15,4,0,True
S1-488863775,india,6,25,6,0,True
S1-709074730,us,2,25,2,0,True
S1-411563198,india,7,25,7,0,True
S1-92729851,us,4,25,3,1,False
S1-537121104,india,4,25,4,0,True
S1-444713171,india,2,25,2,0,True
S1-533435124,us,4,25,4,0,True
S1-526349990,us,2,25,2,0,True
S1-960126068,us,3,25,3,0,True
S1-973233920,us,4,25,4,0,True
S1-423722776,us,2,25,2,0,True
S1-181369338,us,2,25,2,0,True
S1-27541239,us,4,25,4,0,True
S1-555006823,india,3,25,3,0,True
S1-734200028,us,4,25,4,0,True
S1-413862512,us,3,25,3,0,True
S1-335576235,india,5,25,2,3,False
S1-75262805,us,5,25,4,1,False
S1-220334720,us,3,25,2,1,False
S1-126393436,india,3,25,1,2,False
S1-546838645,india,3,25,3,0,True
S1-418477552,india,4,25,3,1,False
S1-958740646,us,3,25,2,1,False
S1-467918423,us,3,25,3,0,True
S1-444109687,us,3,25,3,0,True
S1-624888172,india,1,25,1,0,True
S1-49570634,us,5,25,5,0,True
S1-361726032,india,3,25,3,0,True
S1-509571057,us,5,25,5,0,True
S1-845493376,us,2,25,1,1,False
S1-512220754,india,4,25,3,1,False
S1-483838932,us,3,25,3,0,True
S1-75252744,us,6,25,6,0,True
S1-412010600,india,4,25,3,1,False
S1-570361411,india,4,25,2,2,False
S1-520290406,us,0,25,0,0,True
S1-571933530,us,2,25,1,1,False
S1-624102029,india,4,25,3,1,False
S1-679619563,india,3,21,3,0,True
S1-62840536,india,2,25,2,0,True
S1-393137673,india,6,25,6,0,True
S1-549011344,us,3,25,3,0,True
S1-190639849,us,2,25,2,0,True
S1-453223583,india,4,25,4,0,True
S1-744424482,us,3,25,3,0,True
S1-951104915,us,1,25,1,0,True
S1-159922135,us,5,25,5,0,True
S1-758631377,us,1,25,1,0,True
S1-326960507,us,2,25,2,0,True
S1-575449189,india,6,25,6,0,True
S1-283259550,india,4,25,3,1,False
S1-669043829,us,3,25,3,0,True
S1-520682975,us,4,25,4,0,True
S1-277391322,us,4,25,4,0,True
S1-626599141,us,4,25,4,0,True
S1-186281585,india,3,25,3,0,True
S1-112999138,india,2,25,2,0,True
S1-716346194,us,2,25,2,0,True
S1-218059706,india,3,25,3,0,True
S1-404435514,us,2,25,2,0,True
S1-561692020,india,3,25,2,1,False
S1-41869420,us,2,25,2,0,True
S1-483140947,us,6,25,6,0,True
S1-260311038,india,2,25,1,1,False
S1-936820081,india,2,25,2,0,True
S1-988173560,us,0,25,0,0,True
S1-912508322,india,5,25,4,1,False
S1-409256428,india,4,25,4,0,True
S1-410610117,us,3,25,3,0,True
S1-607646145,us,5,25,4,1,False
S1-263724589,us,2,11,1,1,False
S1-377745466,us,4,25,3,1,False
S1-974370004,india,2,25,0,2,False
S1-11841493,us,7,25,7,0,True
S1-83537942,us,4,25,4,0,True
S1-743171772,us,4,25,4,0,True
S1-334052695,india,1,25,1,0,True
S1-434711227,us,5,25,5,0,True
S1-522031890,us,4,25,4,0,True
S1-182561046,us,3,25,3,0,True
S1-804122429,india,6,25,6,0,True
S1-594967670,us,2,25,2,0,True
S1-666560912,us,4,25,4,0,True
S1-55333937,india,0,25,0,0,True
S1-641402178,india,3,25,3,0,True
S1-967435536,us,2,25,2,0,True
S1-819933808,us,4,25,4,0,True
S1-148298186,india,5,25,5,0,True
S1-363099334,us,3,25,2,1,False
S1-148353436,us,3,25,2,1,False
S1-553542139,us,4,25,4,0,True
S1-178384024,india,4,25,4,0,True
S1-134890169,us,5,25,5,0,True
S1-385303865,india,4,25,2,2,False
S1-967500830,us,2,25,2,0,True
S1-580254632,india,3,25,3,0,True
S1-454231145,us,6,25,6,0,True
S1-800294363,india,3,25,1,2,False
S1-555957831,india,2,25,1,1,False
S1-447240062,us,4,25,4,0,True
S1-505090910,us,4,25,4,0,True
S1-904228116,us,4,25,2,2,False
S1-899782554,us,1,25,1,0,True
S1-684624531,india,2,25,1,1,False
S1-337240153,us,0,25,0,0,True
S1-422926253,india,4,25,2,2,False
S1-267736961,india,5,25,5,0,True
S1-600079333,us,3,25,3,0,True
S1-272480291,india,3,25,3,0,True
S1-420536902,india,3,25,3,0,True
S1-463135997,us,1,25,1,0,True
S1-194606702,us,5,25,5,0,True
S1-262294930,us,3,25,3,0,True
S1-38345711,us,6,25,5,1,False
S1-667800903,us,6,25,6,0,True
S1-617255702,us,2,25,2,0,True
S1-761407497,us,3,25,3,0,True
S1-701741704,us,5,25,5,0,True
S1-946922673,india,4,25,4,0,True
S1-227892344,us,5,25,5,0,True
S1-108314429,india,7,25,6,1,False
S1-508380113,us,9,25,9,0,True
S1-172850574,us,0,25,0,0,True
S1-940475059,us,5,25,5,0,True
S1-700600281,us,5,25,5,0,True
S1-867992586,india,4,25,4,0,True
S1-672842987,us,3,25,3,0,True
S1-17506850,india,3,25,2,1,False
S1-561721636,india,5,25,5,0,True
S1-810060607,us,7,25,7,0,True
S1-631031485,us,4,25,4,0,True
S1-236963798,us,4,25,4,0,True
S1-146503088,us,0,25,0,0,True
S1-760138211,india,1,25,1,0,True
S1-552544757,us,3,25,3,0,True
S1-680786781,india,6,25,6,0,True
S1-817125131,us,2,25,2,0,True
S1-713635209,us,0,25,0,0,True
S1-196054265,us,3,25,3,0,True
S1-389170212,us,3,25,3,0,True
S1-982444906,india,4,25,3,1,False
S1-100899977,us,0,25,0,0,True
S1-790201877,india,3,25,2,1,False
S1-818679709,us,5,25,5,0,True
S1-261133992,india,2,25,1,1,False
S1-404417181,india,6,25,6,0,True
S1-152556345,us,7,25,7,0,True
S1-792131569,us,5,25,5,0,True
S1-184828670,us,5,25,5,0,True
S1-401741650,us,4,25,4,0,True
S1-962978614,us,2,25,2,0,True
S1-248810108,us,5,25,5,0,True
S1-838183517,us,3,25,3,0,True
S1-803590345,us,4,25,4,0,True
S1-249354768,us,1,25,1,0,True
S1-932043072,india,3,25,3,0,True
S1-974825292,india,3,25,3,0,True
S1-459311345,us,3,25,3,0,True
S1-912273534,us,3,25,3,0,True
S1-454611891,india,1,25,0,1,False
S1-4041342,india,3,25,3,0,True
S1-755237986,us,2,25,2,0,True
S1-155814648,us,5,25,4,1,False
S1-732307284,india,5,25,4,1,False
S1-184201555,us,3,25,3,0,True
S1-36017704,us,4,25,4,0,True
S1-668139592,us,1,25,1,0,True
S1-919952138,us,2,25,2,0,True
S1-811491785,us,7,25,7,0,True
S1-480138954,india,0,25,0,0,True
S1-216181354,india,5,25,3,2,False
S1-355649086,india,4,25,4,0,True
S1-114279394,us,2,25,2,0,True
S1-53816260,us,1,25,1,0,True
S1-302643182,india,1,25,1,0,True
S1-803160323,us,5,25,5,0,True
S1-915388329,us,5,25,5,0,True
S1-217571332,india,0,25,0,0,True
S1-461918961,us,1,9,1,0,True
S1-754175313,india,3,25,3,0,True
S1-754702309,us,4,25,4,0,True
S1-388700492,india,4,25,2,2,False
S1-804198326,india,3,25,3,0,True
S1-651255855,us,4,25,4,0,True
S1-539090309,us,3,25,3,0,True
S1-46310979,india,3,25,3,0,True
S1-207436232,india,3,25,3,0,True
S1-652366527,india,2,25,2,0,True
S1-968800875,us,4,25,4,0,True
S1-323199760,india,2,25,2,0,True
S1-913921484,india,4,25,1,3,False
S1-535861273,us,3,25,3,0,True
S1-557018978,india,5,9,5,0,True
S1-512066012,us,7,25,7,0,True
S1-698662524,india,5,25,5,0,True
S1-626026274,us,5,25,5,0,True
S1-296996951,us,2,25,2,0,True
S1-950871075,india,4,25,4,0,True
S1-134717804,india,2,25,1,1,False
S1-355266439,us,3,25,3,0,True
S1-636549603,us,4,25,4,0,True
S1-192763800,us,4,25,2,2,False
S1-100815486,us,6,25,6,0,True
S1-379692908,us,4,25,4,0,True
S1-133656110,us,3,25,3,0,True
S1-334587457,us,1,25,1,0,True
S1-238331147,india,6,25,5,1,False
S1-851869949,us,5,25,5,0,True
S1-745450749,india,3,25,2,1,False
S1-235913521,us,6,25,5,1,False
S1-873914076,india,3,25,2,1,False
S1-925403791,us,4,25,3,1,False
S1-457935815,us,3,25,3,0,True
S1-952136084,us,5,25,5,0,True
S1-604067124,india,5,25,2,3,False
S1-487154804,us,4,25,3,1,False
S1-524979710,us,0,25,0,0,True
S1-892577020,us,5,25,5,0,True
S1-799126736,india,5,25,4,1,False
S1-262390745,us,4,25,4,0,True
S1-154848511,us,6,25,6,0,True
S1-589634567,us,3,25,3,0,True
S1-159514912,us,5,25,5,0,True
S1-203925563,india,3,25,0,3,False
S1-424538610,us,6,25,5,1,False
S1-434235767,us,4,25,4,0,True
S1-864226107,us,4,25,4,0,True
S1-530376768,india,4,25,4,0,True
S1-967514668,us,3,25,3,0,True
S1-990633874,india,5,25,5,0,True
S1-405795474,us,3,25,3,0,True
S1-948768038,us,5,25,5,0,True
S1-579617619,us,2,25,2,0,True
S1-909955989,india,5,25,4,1,False
S1-656199802,india,3,25,3,0,True
S1-946616972,us,4,25,4,0,True
S1-183363639,us,2,25,2,0,True
S1-449072502,india,2,6,2,0,True
S1-529182833,india,3,25,3,0,True
S1-283630693,us,5,25,5,0,True
S1-267445552,us,2,16,2,0,True
S1-791737059,india,0,9,0,0,True
S1-825696206,us,3,25,3,0,True
S1-794999036,us,6,25,6,0,True
S1-57396698,us,4,25,4,0,True
S1-197922151,us,3,25,3,0,True
S1-429488521,us,0,25,0,0,True
S1-548811788,us,3,25,3,0,True
S1-744220341,india,1,25,1,0,True
S1-68201540,india,3,25,2,1,False
S1-763496609,india,5,25,2,3,False
S1-279914306,us,1,25,1,0,True
S1-772189406,us,4,25,4,0,True
S1-493059116,us,3,25,3,0,True
S1-2106291,india,3,25,2,1,False
S1-127186532,us,5,25,5,0,True
S1-939880982,us,3,25,3,0,True
S1-812886866,india,2,25,2,0,True
S1-788981743,us,3,25,3,0,True
S1-293727873,us,2,25,2,0,True
S1-326460389,us,6,25,6,0,True
S1-613329027,us,2,25,2,0,True
S1-805549305,india,6,25,4,2,False
S1-438638381,india,4,25,4,0,True
S1-712864914,us,3,25,3,0,True
S1-47431587,us,3,7,3,0,True
S1-277361935,us,1,25,0,1,False
S1-891130183,india,2,25,2,0,True
S1-471376742,us,6,25,6,0,True
S1-532602797,india,6,14,6,0,True
S1-426826382,india,4,25,4,0,True
S1-501444274,us,4,25,4,0,True
S1-829420372,us,6,25,5,1,False
S1-577969980,us,0,25,0,0,True
S1-312734624,us,6,25,6,0,True
S1-623350674,us,1,25,1,0,True
S1-50643392,us,2,25,2,0,True
S1-690703334,us,2,25,2,0,True
S1-373457471,india,4,25,4,0,True
S1-292830915,us,2,25,2,0,True
S1-982210261,india,5,25,5,0,True
S1-752221257,india,6,25,3,3,False
S1-328738810,us,4,25,4,0,True
S1-499956365,us,3,25,3,0,True
S1-514306947,us,3,25,3,0,True
S1-947119891,us,4,25,3,1,False
S1-610665482,us,6,25,6,0,True
S1-547546143,india,2,25,2,0,True
S1-23351404,us,3,25,3,0,True
S1-82768236,us,3,25,3,0,True
S1-964555236,india,3,25,3,0,True
S1-836764916,us,0,25,0,0,True
S1-481666470,india,6,25,5,1,False
S1-272502295,us,4,25,4,0,True
S1-136807077,india,5,25,3,2,False
S1-196127879,us,4,25,4,0,True
S1-496877090,us,4,25,4,0,True
S1-223621109,india,3,25,2,1,False
S1-934097826,india,3,25,3,0,True
S1-610164964,india,5,24,5,0,True
S1-47921351,india,2,25,2,0,True
S1-165673175,us,0,25,0,0,True
S1-524463249,us,3,25,3,0,True
S1-534731343,india,5,25,2,3,False
S1-725341562,us,4,25,4,0,True
S1-278626482,us,2,25,2,0,True
S1-987779515,us,6,25,6,0,True
S1-979638771,india,2,25,2,0,True
S1-271585788,india,4,25,2,2,False
S1-627821025,us,5,25,5,0,True
S1-557464657,us,3,25,3,0,True
S1-539053304,india,0,25,0,0,True
S1-356951822,us,4,25,4,0,True
S1-802494740,us,3,25,3,0,True
S1-525822765,india,2,25,1,1,False
S1-382018301,india,4,25,3,1,False
S1-524034894,india,1,25,1,0,True
S1-136705690,us,4,25,4,0,True
S1-774934953,us,3,25,3,0,True
S1-244809602,india,3,25,3,0,True
S1-472770480,us,6,25,6,0,True
S1-381940707,us,3,25,3,0,True
S1-350560084,india,4,25,3,1,False
S1-359805448,india,2,25,1,1,False
S1-467198990,us,5,25,5,0,True
S1-289853373,india,3,25,2,1,False
S1-649008123,india,4,25,4,0,True
S1-133037285,us,6,25,6,0,True
S1-328105321,us,4,25,4,0,True
S1-164830224,us,4,25,4,0,True
S1-28205922,us,2,25,2,0,True
S1-768044770,india,6,25,6,0,True
S1-979509841,us,3,25,3,0,True
S1-164240371,us,5,25,5,0,True
S1-14950203,india,1,25,1,0,True
S1-459070718,india,0,25,0,0,True
S1-627160847,india,4,25,3,1,False
S1-783570816,us,3,25,3,0,True
S1-29507374,us,6,25,6,0,True
S1-398602742,us,4,25,4,0,True
S1-926018314,us,5,25,5,0,True
S1-783271110,us,3,25,3,0,True
S1-472432286,us,3,25,3,0,True
S1-133868991,india,6,25,5,1,False
S1-211026051,india,3,25,3,0,True
S1-356020591,us,2,25,2,0,True
S1-731704064,us,4,25,4,0,True
S1-179039599,india,3,25,3,0,True
S1-580832167,us,4,25,4,0,True
S1-399029451,india,3,25,2,1,False
S1-34717806,us,2,25,2,0,True
S1-991313566,india,3,25,3,0,True
S1-871302092,us,2,25,2,0,True
S1-174306760,india,4,25,3,1,False
S1-627864371,us,5,25,5,0,True
S1-464309352,india,2,25,2,0,True
S1-647077283,us,3,25,3,0,True
S1-794691757,india,5,25,5,0,True
S1-149887453,india,7,24,7,0,True
S1-967124912,us,3,25,3,0,True
S1-256282960,india,2,25,2,0,True
S1-316795088,us,3,25,3,0,True
S1-444926720,india,5,25,5,0,True
S1-779459524,us,4,25,4,0,True
S1-419483044,us,6,25,5,1,False
S1-551688195,india,3,25,3,0,True
S1-878904744,us,2,25,2,0,True
S1-623147902,us,7,25,7,0,True
S1-901086958,india,4,25,3,1,False
S1-626914593,us,2,25,2,0,True
S1-176371732,us,5,25,4,1,False
S1-222851417,india,3,25,3,0,True
S1-752971281,us,4,25,4,0,True
S1-784952994,us,4,25,4,0,True
S1-40864644,india,4,25,4,0,True
S1-352812316,india,5,25,2,3,False
S1-185349777,india,2,25,2,0,True
S1-823731657,us,8,25,8,0,True
S1-859252896,us,3,25,1,2,False
S1-157020136,us,4,25,4,0,True
S1-796253980,india,5,25,3,2,False
S1-785336105,india,2,22,1,1,False
S1-51342588,us,2,25,2,0,True
S1-769228954,us,3,25,2,1,False
S1-889765358,us,6,25,6,0,True
S1-46716098,us,4,25,4,0,True
S1-185461178,india,3,25,2,1,False
S1-745218864,india,3,6,3,0,True
S1-422131594,us,4,25,4,0,True
S1-430604402,us,2,25,2,0,True
S1-494028959,us,6,25,5,1,False
S1-185757923,india,3,25,3,0,True
S1-793510573,us,2,25,2,0,True
S1-838509817,us,4,25,4,0,True
S1-381177686,india,3,25,3,0,True
S1-460146213,india,4,25,1,3,False
S1-335478469,us,3,25,1,2,False
S1-483434064,india,2,25,2,0,True
S1-908259334,us,6,25,6,0,True
S1-974991176,us,6,25,6,0,True
S1-629118510,us,4,25,4,0,True
S1-82102704,us,8,25,8,0,True
S1-234407650,us,2,25,2,0,True
S1-294620997,india,2,25,2,0,True
S1-613445780,india,5,25,5,0,True
S1-459696014,india,4,25,2,2,False
S1-998818791,us,5,25,5,0,True
S1-88592935,us,5,25,4,1,False
S1-433213068,india,4,25,4,0,True
S1-426033453,india,5,25,5,0,True
S1-866587933,india,2,25,1,1,False
S1-609062608,india,5,25,2,3,False
S1-63975497,us,4,25,4,0,True
S1-729603111,us,3,25,3,0,True
S1-96384267,india,5,25,4,1,False
S1-29354465,us,2,25,2,0,True
S1-577250550,india,3,25,3,0,True
S1-888660595,india,3,25,3,0,True
S1-10458491,us,2,25,2,0,True
S1-564193651,us,5,25,5,0,True
S1-30151590,us,3,25,3,0,True
S1-975577097,india,6,25,5,1,False
S1-300031623,india,3,25,1,2,False
S1-625951028,india,4,25,4,0,True
S1-298951977,us,4,25,4,0,True
S1-931180841,us,3,10,3,0,True
S1-974185394,us,0,25,0,0,True
S1-856667356,india,5,25,3,2,False
S1-520710871,india,3,25,2,1,False
S1-586469515,us,4,25,4,0,True
S1-763758768,us,4,25,4,0,True
S1-364876430,us,3,25,3,0,True
S1-336993358,us,2,25,2,0,True
S1-16541529,india,5,25,3,2,False
S1-535605149,india,4,25,2,2,False
S1-608967311,india,4,25,4,0,True
S1-760380153,us,3,15,3,0,True
S1-800528107,india,2,25,2,0,True
S1-564026363,us,4,25,4,0,True
S1-645049490,india,2,25,1,1,False
S1-451179345,us,4,25,4,0,True
S1-922994065,india,3,25,3,0,True
S1-434010763,india,5,25,5,0,True
S1-620689609,us,4,25,4,0,True
S1-947431711,us,3,25,3,0,True
S1-484728325,india,4,25,3,1,False
S1-522543700,us,2,25,2,0,True
S1-710909094,us,4,25,4,0,True
S1-257281473,india,3,25,3,0,True
S1-515099037,us,2,25,2,0,True
S1-128303392,us,3,25,3,0,True
S1-729983664,us,7,25,7,0,True
S1-221371082,us,3,25,3,0,True
S1-682041645,india,4,25,4,0,True
S1-893733254,india,4,5,3,1,False
S1-994873821,us,3,25,3,0,True
S1-28680289,us,5,25,5,0,True
S1-730279779,us,4,25,4,0,True
S1-300521665,us,2,25,2,0,True
S1-436849523,us,6,25,6,0,True
S1-170678075,us,2,25,2,0,True
S1-942221484,india,3,25,3,0,True
S1-281275955,us,5,25,5,0,True
S1-663284662,india,4,25,4,0,True
S1-549612411,us,4,25,3,1,False
S1-328196988,us,2,25,2,0,True
S1-900593758,us,2,25,1,1,False
S1-99058243,us,2,25,2,0,True
S1-937631159,us,5,25,4,1,False
S1-877292493,us,1,25,1,0,True
S1-63266922,us,5,25,5,0,True
S1-667018874,us,6,25,6,0,True
S1-87813671,us,4,25,4,0,True
S1-58433955,us,2,25,2,0,True
S1-685136113,india,5,25,5,0,True
S1-7040061,india,3,25,0,3,False
S1-445455950,us,2,25,2,0,True
S1-80363633,us,2,25,2,0,True
S1-20925783,india,0,25,0,0,True
S1-107811142,us,4,23,4,0,True
S1-238106423,us,5,25,5,0,True
S1-502810871,india,6,25,2,4,False
S1-51101506,india,4,25,4,0,True
S1-409413534,india,2,25,1,1,False
S1-864658047,india,3,25,3,0,True
S1-70279076,us,0,25,0,0,True
S1-951302670,india,3,25,2,1,False
S1-689153292,us,3,25,2,1,False
S1-325250785,us,6,25,6,0,True
S1-757082720,us,3,25,3,0,True
S1-491878623,india,3,25,3,0,True
S1-776446727,india,5,25,5,0,True
S1-391141182,us,5,25,5,0,True
S1-356563831,us,2,25,2,0,True
S1-60298642,india,2,25,2,0,True
S1-370595750,us,5,25,5,0,True
S1-884751359,us,5,25,4,1,False
S1-432725599,us,5,25,5,0,True
S1-274128166,us,4,6,3,1,False
S1-258463054,us,1,23,1,0,True
S1-367034090,us,3,25,3,0,True
S1-898279595,india,2,25,2,0,True
S1-336349403,india,5,25,5,0,True
S1-642405907,india,5,25,5,0,True
S1-437333243,india,6,25,6,0,True
S1-91050161,us,3,25,3,0,True
S1-371680181,us,2,25,2,0,True
S1-171653159,india,3,25,2,1,False
S1-949412850,us,4,25,3,1,False
S1-653759388,us,7,25,7,0,True
S1-151956591,us,6,25,6,0,True
S1-177943533,us,4,25,4,0,True
S1-951451939,india,2,25,1,1,False
S1-321805538,us,2,25,2,0,True
S1-721895642,us,3,25,3,0,True
S1-20723596,us,5,25,5,0,True
S1-42184977,india,3,25,3,0,True
S1-590134263,us,4,25,4,0,True
S1-719726318,us,2,25,2,0,True
S1-966556536,us,5,25,5,0,True
S1-908932165,us,2,25,2,0,True
S1-979734176,us,6,25,5,1,False
S1-797129295,india,2,25,2,0,True
S1-411129053,india,6,25,6,0,True
S1-758075760,india,8,25,6,2,False
S1-442719494,india,3,25,3,0,True
S1-249916694,us,4,25,4,0,True
S1-521978308,us,1,25,1,0,True
S1-593999035,india,3,25,2,1,False
S1-456937627,us,5,25,5,0,True
S1-658439443,india,6,25,6,0,True
S1-427933022,india,1,25,1,0,True
S1-797071973,us,2,25,2,0,True
S1-664267481,us,3,25,3,0,True
S1-943187307,us,4,25,4,0,True
S1-499242108,us,4,25,4,0,True
S1-109460220,india,1,25,1,0,True
S1-353313556,us,6,25,5,1,False
S1-723559599,india,2,25,2,0,True
S1-100146655,us,2,25,2,0,True
S1-841015443,us,4,25,4,0,True
S1-149526155,india,4,25,3,1,False
S1-703201622,us,6,25,6,0,True
S1-808699530,india,6,25,6,0,True
S1-699452087,us,6,21,6,0,True
S1-259948914,us,0,25,0,0,True
S1-274310041,india,3,25,3,0,True
S1-30285423,us,3,25,3,0,True
S1-256602729,india,4,25,4,0,True
S1-382063548,us,2,25,2,0,True
S1-119171444,us,5,25,5,0,True
S1-746193689,us,5,25,5,0,True
S1-919196591,india,1,25,0,1,False
S1-270087351,india,2,25,2,0,True
S1-741817106,india,8,25,8,0,True
S1-787530179,us,3,25,3,0,True
S1-597762257,india,4,25,2,2,False
S1-633748483,us,1,25,1,0,True
S1-366092445,us,4,25,4,0,True
S1-617455147,us,2,25,2,0,True
S1-449213331,us,2,25,2,0,True
S1-650567133,us,2,25,2,0,True
S1-300609714,us,2,25,2,0,True
S1-899424683,us,1,25,1,0,True
S1-535936959,india,3,25,3,0,True
S1-504790211,us,7,25,7,0,True
S1-641236003,india,4,25,3,1,False
S1-476489337,us,2,25,2,0,True
S1-515803087,us,5,25,5,0,True
S1-707236749,us,2,25,2,0,True
S1-943107682,us,4,25,4,0,True
S1-314045617,us,2,25,2,0,True
S1-889785911,india,3,25,1,2,False
S1-753495835,us,2,25,1,1,False
S1-397900824,india,4,25,4,0,True
S1-126840887,india,0,25,0,0,True
S1-176567267,india,4,25,4,0,True
S1-830687398,india,6,25,6,0,True
S1-928675966,india,7,25,7,0,True
S1-444711104,india,4,25,4,0,True
S1-601242427,us,2,25,2,0,True
S1-521731996,india,0,25,0,0,True
S1-71265566,india,3,25,2,1,False
S1-122003718,india,5,25,5,0,True
S1-425616377,india,4,6,4,0,True
S1-927596416,us,0,25,0,0,True
S1-125389787,india,0,25,0,0,True
S1-890634836,us,3,25,3,0,True
S1-420208517,us,5,25,5,0,True
S1-17339733,us,3,25,2,1,False
S1-451892808,us,0,25,0,0,True
S1-835581754,us,5,25,5,0,True
S1-676187388,india,2,25,2,0,True
S1-421315715,us,4,25,4,0,True
S1-945650918,us,5,25,5,0,True
S1-961941107,india,5,25,5,0,True
S1-196716011,india,4,25,2,2,False
S1-815441395,us,4,25,3,1,False
S1-649450166,india,6,25,6,0,True
S1-622284723,us,0,25,0,0,True
S1-198113725,us,0,25,0,0,True
S1-152217425,us,0,25,0,0,True
S1-777555607,india,4,25,2,2,False
S1-721254668,india,2,25,1,1,False
S1-933384875,india,4,25,2,2,False
S1-262870670,india,6,25,6,0,True
S1-644411036,us,5,25,5,0,True
S1-921396568,india,4,25,4,0,True
S1-432316901,us,4,25,4,0,True
S1-665834015,us,6,25,6,0,True
S1-89160825,india,7,25,7,0,True
S1-431664014,us,4,19,4,0,True
S1-387465863,us,3,25,3,0,True
S1-510316751,us,2,25,2,0,True
S1-71296969,us,3,25,3,0,True
S1-67674994,us,2,25,2,0,True
S1-154070680,us,3,25,3,0,True
S1-665804046,us,2,25,2,0,True
S1-106775939,us,3,25,2,1,False
S1-414883860,us,5,25,5,0,True
S1-773761679,india,2,25,2,0,True
S1-462304892,us,4,25,4,0,True
S1-386654734,india,1,25,0,1,False
S1-306095185,india,3,25,2,1,False
S1-83312074,india,3,25,3,0,True
S1-547836347,us,4,25,4,0,True
S1-615389185,us,4,25,4,0,True
S1-547971316,us,4,25,4,0,True
S1-90030,us,3,25,3,0,True
S1-562176993,us,4,25,4,0,True
S1-37359273,india,4,25,4,0,True
S1-91665845,us,3,25,3,0,True
S1-95194363,india,3,25,2,1,False
S1-837510013,india,1,25,1,0,True
S1-275444673,us,4,25,4,0,True
S1-42544670,india,3,25,1,2,False
S1-517658056,us,4,25,4,0,True
S1-131673126,india,3,25,3,0,True
S1-397453629,india,3,25,3,0,True
S1-184484093,us,6,25,6,0,True
S1-694737362,us,4,25,4,0,True
S1-524787346,us,3,25,3,0,True
S1-677157125,us,4,25,4,0,True
S1-118338310,us,0,12,0,0,True
S1-957630265,us,3,25,3,0,True
S1-955514212,us,0,25,0,0,True
S1-63655361,us,1,25,1,0,True
S1-225119054,us,2,25,2,0,True
S1-262792319,india,3,25,3,0,True
S1-509094995,us,5,25,5,0,True
S1-66808800,india,7,25,7,0,True
S1-796524983,india,3,25,2,1,False
S1-62689130,us,0,25,0,0,True
S1-298646564,india,2,25,2,0,True
S1-917409598,us,2,25,2,0,True
S1-576220090,india,0,25,0,0,True
S1-437313797,us,0,25,0,0,True
S1-487652257,us,3,25,3,0,True
S1-476385483,us,3,25,3,0,True
S1-434057620,us,6,25,6,0,True
S1-239986792,india,8,25,3,5,False
S1-56835737,us,4,25,4,0,True
S1-942301043,us,3,25,3,0,True
S1-92668465,us,3,25,3,0,True
S1-449882756,india,0,25,0,0,True
S1-480390410,india,1,25,1,0,True
S1-657688281,us,4,25,4,0,True
S1-414547601,us,2,25,2,0,True
S1-757939813,us,4,25,4,0,True
S1-261253059,us,5,25,5,0,True
S1-68456921,india,3,25,2,1,False
S1-813850270,india,4,25,3,1,False
S1-162593001,us,4,25,4,0,True
S1-729633028,us,2,25,2,0,True
S1-60629534,us,2,25,2,0,True
S1-767751148,us,4,9,4,0,True
S1-104226194,india,8,25,6,2,False
S1-360419883,india,2,25,2,0,True
S1-145829425,india,5,25,5,0,True
S1-31032794,us,3,25,3,0,True
S1-683192018,india,3,25,3,0,True
S1-387008828,india,3,25,3,0,True
S1-124312817,india,4,25,4,0,True
S1-914020122,us,4,25,4,0,True
S1-683345357,india,1,25,1,0,True
S1-729032305,us,3,25,3,0,True
S1-562989120,india,3,25,3,0,True
S1-464529384,india,0,25,0,0,True
S1-174758675,us,2,25,2,0,True
S1-932260031,us,4,25,4,0,True
S1-713955266,us,2,25,2,0,True
S1-405835481,india,5,25,4,1,False
S1-407730822,india,2,25,2,0,True
S1-662688248,us,3,25,3,0,True
S1-294547159,us,5,25,5,0,True
S1-724903594,us,2,25,2,0,True
S1-406865257,india,1,25,0,1,False
S1-888123971,us,3,25,3,0,True
S1-557399885,us,2,25,2,0,True
S1-163747087,india,7,25,4,3,False
S1-342712677,us,2,25,2,0,True
S1-380839864,us,6,25,6,0,True
S1-766866439,india,4,25,4,0,True
S1-112602031,us,2,25,2,0,True
S1-959221757,us,2,25,2,0,True
S1-381957415,india,4,25,2,2,False
S1-60874124,us,6,25,5,1,False
S1-312111815,india,4,19,4,0,True
S1-870525516,india,4,25,3,1,False
S1-224534945,india,3,25,2,1,False
S1-299370956,india,2,25,2,0,True
S1-424209592,us,4,25,4,0,True
S1-489817305,us,3,25,3,0,True
S1-922861247,india,4,25,4,0,True
S1-363752158,us,2,25,2,0,True
S1-930259999,india,0,25,0,0,True
S1-452737699,india,0,25,0,0,True
S1-857915278,india,2,25,2,0,True
S1-419235241,india,1,25,0,1,False
S1-748243940,us,3,25,2,1,False
S1-656314104,us,2,25,1,1,False
S1-303701980,us,4,14,4,0,True
S1-123678749,us,4,25,4,0,True
S1-763611874,us,6,25,6,0,True
S1-746735853,india,5,25,5,0,True
S1-644444933,us,2,25,2,0,True
S1-372253974,us,4,25,4,0,True
S1-635466493,us,2,25,2,0,True
S1-912572298,us,3,25,3,0,True
S1-631252353,us,5,25,5,0,True
S1-991589899,us,2,25,2,0,True
S1-825179378,india,2,25,1,1,False
S1-725250835,india,7,25,7,0,True
S1-761930510,us,3,25,3,0,True
S1-208550511,us,2,25,1,1,False
S1-883973644,us,1,4,0,1,False
S1-304785953,us,4,25,4,0,True
S1-763576282,us,3,25,3,0,True
S1-53041046,india,6,25,2,4,False
S1-268149339,india,2,25,1,1,False
S1-148848342,us,4,25,4,0,True
S1-227361974,us,5,25,5,0,True
S1-297334093,us,3,25,3,0,True
S1-773320212,india,2,25,2,0,True
S1-249258670,us,7,24,7,0,True
S1-502280437,us,4,8,4,0,True
S1-327951743,india,4,25,3,1,False
S1-24519478,india,0,25,0,0,True
S1-253986331,us,5,25,5,0,True
S1-244476321,india,1,25,1,0,True
S1-341841821,us,5,25,5,0,True
S1-545601093,us,3,25,3,0,True
S1-693391260,india,4,25,4,0,True
S1-888167789,us,5,25,5,0,True
S1-791217329,india,2,25,2,0,True
S1-469120086,us,6,25,6,0,True
S1-903808834,india,3,25,3,0,True
S1-317952287,india,2,25,2,0,True
S1-451255492,us,6,25,5,1,False
S1-476083068,us,1,25,1,0,True
S1-260530670,us,2,25,2,0,True
S1-404124513,india,2,25,2,0,True
S1-832593986,us,1,25,1,0,True
S1-419498841,india,5,25,5,0,True
S1-525924487,india,1,25,0,1,False
S1-368846142,us,0,25,0,0,True
S1-852026470,india,1,25,1,0,True
S1-216798062,us,1,25,1,0,True
S1-387694500,india,10,25,5,5,False
S1-402164728,us,4,25,4,0,True
S1-379154805,us,3,25,3,0,True
S1-154383438,us,5,25,5,0,True
S1-171983883,us,2,25,2,0,True
S1-250280931,us,3,25,3,0,True
S1-632005916,india,3,25,3,0,True
S1-555090350,india,2,25,1,1,False
S1-450792187,us,1,25,1,0,True
S1-537215761,us,3,25,3,0,True
S1-579194394,us,3,25,3,0,True
S1-355053030,india,4,25,4,0,True
S1-331538788,us,3,25,3,0,True
S1-215396556,us,3,25,3,0,True
S1-141347038,us,3,25,3,0,True
S1-730644474,us,5,25,5,0,True
S1-936853964,india,2,25,0,2,False
S1-962416500,india,8,25,7,1,False
S1-40108076,india,4,25,4,0,True
S1-554222143,us,4,25,3,1,False
S1-227546659,us,10,25,10,0,True
S1-679782609,us,2,25,2,0,True
S1-391248994,india,0,25,0,0,True
S1-279722704,us,2,25,2,0,True
S1-767939959,india,3,25,2,1,False
S1-600741270,us,4,25,4,0,True
S1-587107442,india,4,25,2,2,False
S1-172104058,india,4,25,4,0,True
S1-855787505,india,1,25,1,0,True
S1-233040222,us,1,25,1,0,True
S1-940391485,india,5,25,5,0,True
S1-643663550,us,6,25,5,1,False
S1-634908265,us,3,25,3,0,True
S1-134898809,us,5,25,4,1,False
S1-413851409,india,1,25,1,0,True
S1-74948217,us,2,25,2,0,True
S1-930984906,india,5,25,3,2,False
S1-898441868,us,5,25,5,0,True
S1-850606398,us,5,25,5,0,True
S1-282089477,us,1,25,1,0,True
S1-961723116,us,3,25,3,0,True
S1-888699746,india,4,25,1,3,False
S1-545645075,india,2,25,2,0,True
S1-573332363,india,5,25,5,0,True
S1-801027691,us,2,25,2,0,True
S1-485485559,us,5,25,5,0,True
S1-389534645,us,0,25,0,0,True
S1-403028834,us,4,25,3,1,False
S1-153727830,india,0,25,0,0,True
S1-187004387,us,0,25,0,0,True
S1-48453378,us,3,25,3,0,True
S1-883410905,india,6,25,5,1,False
S1-198536254,india,2,25,2,0,True
S1-774387323,us,5,25,5,0,True
S1-584499457,us,3,25,3,0,True
S1-375627852,us,6,25,6,0,True
S1-496315267,india,3,25,3,0,True
S1-7383499,india,3,25,3,0,True
S1-722293691,us,5,25,4,1,False
S1-512725535,us,3,25,3,0,True
S1-484961803,india,6,25,5,1,False
S1-993357110,us,2,25,2,0,True
S1-397540035,us,3,25,3,0,True
S1-684878299,india,4,25,3,1,False
S1-550246730,us,3,25,3,0,True
S1-743364627,india,4,25,4,0,True
S1-872978967,us,3,25,3,0,True
S1-830371097,india,5,25,5,0,True
S1-976027745,us,3,25,3,0,True
S1-777331247,us,4,25,4,0,True
S1-315102620,us,5,25,5,0,True
S1-230549958,us,5,25,5,0,True
S1-368557784,india,6,25,5,1,False
S1-238319738,us,3,25,3,0,True
S1-9379136,india,0,25,0,0,True
S1-854288036,us,7,25,7,0,True
S1-358618259,india,4,25,2,2,False
S1-451126889,us,1,25,1,0,True
S1-449643256,india,5,3,1,4,False
S1-576403469,us,5,25,5,0,True
S1-661546474,india,5,25,5,0,True
S1-279145576,us,6,25,6,0,True
S1-822527440,us,4,25,4,0,True
S1-38402575,india,4,25,4,0,True
S1-383350674,us,3,25,3,0,True
S1-167321703,us,3,24,3,0,True
S1-423403395,india,6,25,1,5,False
S1-545839168,us,2,25,1,1,False
S1-251550490,india,3,25,2,1,False
S1-342754370,india,5,25,3,2,False
S1-633264119,us,5,25,5,0,True
S1-292615208,india,4,25,2,2,False
S1-164017572,us,2,25,2,0,True
S1-123445423,us,5,25,5,0,True
S1-905824996,india,3,25,3,0,True
S1-307052167,us,3,25,3,0,True
S1-799709383,us,0,25,0,0,True
S1-864395077,us,3,25,3,0,True
S1-692448146,us,3,25,3,0,True
S1-312194988,india,7,25,7,0,True
S1-36683808,us,4,25,4,0,True
S1-585526799,india,3,25,3,0,True
S1-897151714,us,2,25,2,0,True
S1-429792102,us,2,25,2,0,True
S1-914022652,india,4,25,2,2,False
S1-75598532,us,0,25,0,0,True
S1-927776130,us,2,25,2,0,True
S1-406655545,india,5,25,5,0,True
S1-388617413,us,3,25,3,0,True
S1-755416342,india,0,25,0,0,True
S1-116010043,us,2,25,2,0,True
S1-770845761,us,1,25,1,0,True
S1-524036030,india,2,25,2,0,True
S1-481227494,us,8,25,8,0,True
S1-288250646,us,3,25,3,0,True
S1-402660930,us,6,25,6,0,True
S1-496346323,us,4,25,4,0,True
S1-75631487,india,4,25,4,0,True
S1-88777681,us,2,25,2,0,True
S1-210783960,us,5,25,5,0,True
S1-196578854,us,4,25,4,0,True
S1-731824678,us,2,25,2,0,True
S1-557975484,india,3,25,3,0,True
S1-972836911,us,2,25,2,0,True
S1-602775749,us,4,25,4,0,True
S1-416583613,us,3,25,3,0,True
S1-648289113,us,4,25,4,0,True
S1-96122582,us,2,25,2,0,True
S1-636198387,us,5,25,5,0,True
S1-236336419,us,2,22,2,0,True
S1-210007069,us,5,25,5,0,True
S1-704250829,us,2,25,2,0,True
S1-300368375,india,2,25,2,0,True
S1-451678478,india,1,25,1,0,True
S1-219548536,us,5,25,5,0,True
S1-994904668,us,2,25,2,0,True
S1-607950025,india,1,25,1,0,True
S1-145950089,india,5,25,5,0,True
S1-155505115,us,5,25,5,0,True
S1-258462846,us,3,25,3,0,True
S1-39314330,us,3,25,3,0,True
S1-870115237,us,4,25,4,0,True
S1-864797403,india,2,25,2,0,True
S1-643422361,india,2,25,2,0,True
S1-422318491,india,4,25,4,0,True
S1-898355913,us,4,25,4,0,True
S1-886195710,india,5,25,5,0,True
S1-378164861,us,5,25,4,1,False
S1-285660164,india,5,25,3,2,False
S1-9908431,us,0,25,0,0,True
S1-901210153,us,5,25,4,1,False
S1-659932965,us,5,12,4,1,False
S1-216511119,india,5,25,4,1,False
S1-694137400,us,3,20,3,0,True
S1-743936349,us,7,25,6,1,False
S1-676541429,us,3,25,3,0,True
S1-841602265,us,3,25,3,0,True
S1-554560722,us,6,25,6,0,True
S1-904153344,india,5,25,4,1,False
S1-162465054,india,5,25,5,0,True
S1-684772333,india,2,25,1,1,False
S1-899778601,us,3,25,3,0,True
S1-567349457,us,4,25,4,0,True
S1-549242522,us,2,25,2,0,True
S1-647956283,us,5,25,5,0,True
S1-887118742,india,3,25,3,0,True
S1-280818643,us,1,25,1,0,True
S1-987152524,us,5,25,5,0,True
S1-992538093,india,6,25,4,2,False
S1-244210172,india,5,25,5,0,True
S1-839977302,india,2,25,2,0,True
S1-544301808,us,2,25,2,0,True
S1-620176345,us,4,25,4,0,True
S1-890991991,us,2,25,2,0,True
S1-432478198,us,4,25,4,0,True
S1-437195746,us,3,25,3,0,True
S1-185055467,india,2,25,2,0,True
S1-562175922,us,4,25,4,0,True
S1-491925427,us,5,25,5,0,True
S1-460133008,us,5,25,5,0,True
S1-605882320,us,6,25,6,0,True
S1-605463770,us,3,25,3,0,True
S1-740041904,us,2,25,2,0,True
S1-668663040,india,4,25,4,0,True
S1-529013054,us,2,25,2,0,True
S1-109132023,us,4,25,4,0,True
S1-282807299,us,2,25,2,0,True
S1-458605878,india,5,25,5,0,True
S1-981440385,india,3,25,3,0,True
S1-113241674,us,1,25,1,0,True
S1-128671327,india,4,25,0,4,False
S1-17225841,india,4,25,4,0,True
S1-490139500,us,2,25,2,0,True
S1-159579644,us,3,25,3,0,True
S1-734555291,india,1,25,1,0,True
S1-875691993,india,6,25,6,0,True
S1-419148679,india,2,25,1,1,False
S1-214432606,india,3,25,2,1,False
S1-476024246,india,7,25,4,3,False
S1-700882543,us,2,25,2,0,True
S1-476195607,india,3,25,3,0,True
S1-850758051,us,2,25,2,0,True
S1-922487978,us,6,25,6,0,True
S1-846870843,us,5,25,5,0,True
S1-403253082,us,3,25,3,0,True
S1-111867989,india,4,6,4,0,True
S1-341506266,india,3,25,3,0,True
S1-153055996,us,4,25,4,0,True
S1-209045181,india,2,25,2,0,True
S1-120176877,us,6,25,6,0,True
S1-185724001,us,5,25,5,0,True
S1-766893478,india,6,25,6,0,True
S1-879837384,india,2,25,2,0,True
S1-622874768,us,4,25,4,0,True
S1-854319024,us,4,25,4,0,True
S1-882637536,us,5,25,5,0,True
S1-828845836,india,3,25,3,0,True
S1-109220061,india,6,25,6,0,True
S1-654340387,us,4,25,4,0,True
S1-122297973,us,2,25,2,0,True
S1-320229740,us,3,25,3,0,True
S1-476132624,us,6,25,6,0,True
S1-736903406,india,0,25,0,0,True
S1-548717271,us,4,13,3,1,False
S1-407040022,us,4,25,4,0,True
S1-486185859,us,4,25,4,0,True
S1-260265534,india,4,25,4,0,True
S1-807555566,us,4,25,4,0,True
S1-713966229,india,0,25,0,0,True
S1-657270420,us,5,9,5,0,True
S1-489995071,india,2,25,2,0,True
S1-92690219,us,1,25,1,0,True
S1-560224154,us,2,25,2,0,True
S1-447103941,india,6,25,6,0,True
S1-470845482,india,5,25,5,0,True
S1-644751653,us,7,25,7,0,True
S1-626494746,us,3,25,3,0,True
S1-858342158,us,0,25,0,0,True
S1-84102169,us,2,25,2,0,True
S1-317854633,us,2,25,2,0,True
S1-664503524,india,4,25,4,0,True
S1-925057409,us,2,25,2,0,True
S1-986322321,us,5,25,5,0,True
S1-523444268,us,3,25,3,0,True
S1-243140298,us,6,25,6,0,True
S1-915022305,us,3,25,3,0,True
S1-791484925,india,1,25,0,1,False
S1-865131206,us,4,25,4,0,True
S1-918553483,us,3,25,3,0,True
S1-897191998,us,1,25,1,0,True
S1-997225529,india,0,1,0,0,True
S1-298645743,us,3,25,3,0,True
S1-913301865,india,5,25,5,0,True
S1-809571127,us,3,25,3,0,True
S1-520078089,india,5,25,5,0,True
S1-888312490,us,3,25,3,0,True
S1-686588081,us,3,25,3,0,True
S1-721837602,us,5,25,5,0,True
S1-809315545,us,3,25,3,0,True
S1-299065838,india,4,25,4,0,True
S1-783056748,us,3,25,3,0,True
S1-73448004,india,3,25,3,0,True
S1-892690805,us,3,25,3,0,True
S1-751085398,india,6,25,6,0,True
S1-277460033,us,6,25,6,0,True
S1-862669059,us,0,25,0,0,True
S1-253952559,india,0,25,0,0,True
S1-460033462,india,3,25,3,0,True
S1-586348044,us,5,25,5,0,True
S1-898630961,india,9,25,6,3,False
S1-99005429,india,7,25,6,1,False
S1-367749530,india,5,25,5,0,True
S1-325049602,india,6,25,6,0,True
S1-567672228,us,2,25,2,0,True
S1-134701923,us,2,18,2,0,True
S1-950101048,india,4,25,2,2,False
S1-191708568,us,0,25,0,0,True
S1-285639517,us,4,25,4,0,True
S1-337335507,india,6,25,6,0,True
S1-129027978,us,3,25,3,0,True
S1-997517893,india,3,25,3,0,True
S1-495878698,us,6,25,6,0,True
S1-881848076,india,5,25,5,0,True
S1-502282153,us,2,25,2,0,True
S1-832211747,us,5,25,5,0,True
S1-827516507,us,4,12,4,0,True
S1-768057805,us,3,25,2,1,False
S1-243635503,india,2,25,2,0,True
S1-405074253,india,4,25,4,0,True
S1-778830470,us,3,25,3,0,True
S1-639096068,india,7,25,6,1,False
S1-993604636,india,4,25,4,0,True
S1-34957343,india,2,25,1,1,False
S1-161700708,us,7,25,6,1,False
S1-632136965,us,4,25,4,0,True
S1-577961053,us,3,25,3,0,True
S1-208167915,india,5,25,5,0,True
S1-468729698,india,4,25,4,0,True
S1-63099926,india,3,25,3,0,True
S1-656530080,india,4,25,4,0,True
S1-618836769,india,2,25,1,1,False
S1-866514162,india,6,25,5,1,False
S1-393746933,us,2,25,1,1,False
S1-245736163,india,2,25,2,0,True
S1-422772138,india,2,25,2,0,True
S1-755362802,india,2,25,2,0,True
S1-769172378,india,3,25,3,0,True
S1-533701421,us,3,25,3,0,True
S1-420226248,us,3,25,3,0,True
S1-618285952,india,4,25,4,0,True
S1-725017655,india,6,25,4,2,False
S1-334146653,us,1,25,1,0,True
S1-641249328,us,7,25,7,0,True
S1-880351222,us,2,25,2,0,True
S1-527595287,us,0,25,0,0,True
S1-123331890,us,2,25,2,0,True
S1-448166395,us,4,25,4,0,True
S1-387612744,us,1,25,1,0,True
S1-495990882,us,2,25,2,0,True
S1-994484678,india,4,25,1,3,False
S1-491983009,us,5,25,5,0,True
S1-964925471,us,1,25,0,1,False
S1-496284884,us,4,25,4,0,True
S1-638922585,us,0,25,0,0,True
S1-882698520,us,2,25,2,0,True
S1-703428973,us,6,25,6,0,True
S1-462627347,us,3,25,3,0,True
S1-962002773,us,3,25,2,1,False
S1-498703392,us,5,25,5,0,True
S1-282339211,india,0,25,0,0,True
S1-6532344,us,2,25,1,1,False
S1-257734845,us,1,25,1,0,True
S1-834386502,india,2,25,1,1,False
S1-56985694,india,4,25,4,0,True
S1-560811925,us,2,25,2,0,True
S1-650106134,us,6,25,6,0,True
S1-824919785,india,4,25,3,1,False
S1-221443075,india,3,25,3,0,True
S1-868200857,us,5,25,5,0,True
S1-128347375,india,3,25,3,0,True
S1-823546667,india,2,25,0,2,False
S1-853993166,us,4,25,4,0,True
S1-803356777,us,5,25,5,0,True
S1-79772943,us,3,25,3,0,True
S1-549367027,india,4,25,4,0,True
S1-870025197,us,3,25,3,0,True
S1-562186345,us,4,25,4,0,True
S1-718073178,us,2,25,2,0,True
S1-811767850,us,4,25,4,0,True
S1-980395056,us,3,25,3,0,True
S1-540623330,us,4,25,4,0,True
S1-866344609,us,3,25,3,0,True
S1-380833681,india,4,25,4,0,True
S1-288179586,india,0,25,0,0,True
S1-990718988,india,3,25,3,0,True
S1-739195544,us,3,25,3,0,True
S1-652689400,us,3,25,3,0,True
S1-832441709,us,4,25,4,0,True
S1-881005414,us,5,25,5,0,True
S1-939045953,us,4,25,4,0,True
S1-37255821,india,4,3,3,1,False
S1-966940882,india,5,25,5,0,True
S1-804300777,india,5,25,4,1,False
S1-25879788,us,2,25,2,0,True
S1-960782355,us,0,25,0,0,True
S1-94297591,us,7,8,7,0,True
S1-142056968,us,4,25,4,0,True
S1-629464448,india,7,25,6,1,False
S1-295805789,us,2,25,2,0,True
S1-807851236,india,6,25,6,0,True
S1-945468839,india,0,25,0,0,True
S1-23537063,india,3,25,3,0,True
S1-168395001,india,4,25,4,0,True
S1-393934451,india,2,25,2,0,True
S1-31462693,us,7,25,7,0,True
S1-204099765,india,4,25,4,0,True
S1-231416129,us,3,25,3,0,True
S1-69805499,india,6,25,6,0,True
S1-56446717,india,0,25,0,0,True
S1-848777360,india,2,25,2,0,True
S1-90648761,us,3,25,3,0,True
S1-261360486,india,3,25,3,0,True
S1-175016539,us,2,25,2,0,True
S1-314962839,india,3,25,3,0,True
S1-477773796,us,5,25,5,0,True
S1-44090099,us,3,25,3,0,True
S1-557511474,india,5,25,5,0,True
S1-613642244,us,2,25,2,0,True
S1-933285852,us,7,25,6,1,False
S1-442205824,us,2,25,2,0,True
S1-739597376,us,3,25,3,0,True
S1-667406578,us,5,25,5,0,True
S1-252433119,us,4,25,4,0,True
S1-24274161,india,5,25,5,0,True
S1-275228042,us,2,25,2,0,True
S1-921355244,us,4,25,4,0,True
S1-817683544,india,2,25,2,0,True
S1-435735212,us,3,18,3,0,True
S1-568551826,us,2,25,2,0,True
S1-259910169,india,3,25,3,0,True
S1-188695911,india,1,25,1,0,True
S1-848604347,us,0,25,0,0,True
S1-265287489,us,2,25,2,0,True
S1-754664373,us,3,25,3,0,True
S1-155228361,india,9,25,9,0,True
S1-615144404,us,4,25,4,0,True
S1-271450293,us,3,25,3,0,True
S1-637627315,india,2,25,2,0,True
S1-777898303,us,3,25,3,0,True
S1-929826566,us,6,25,6,0,True
S1-853669737,india,1,25,1,0,True
S1-595156952,us,1,25,1,0,True
S1-937984740,us,6,25,6,0,True
S1-787617931,us,3,25,3,0,True
S1-992987509,us,1,25,1,0,True
S1-501073561,us,3,25,3,0,True
S1-892233306,india,3,25,3,0,True
S1-954595905,us,4,25,4,0,True
S1-732613749,us,1,25,1,0,True
S1-785203518,us,1,25,1,0,True
S1-566945033,us,4,25,4,0,True
S1-28410420,us,4,25,4,0,True
S1-829348020,india,4,25,2,2,False
S1-750700259,us,2,25,2,0,True
S1-234200441,us,3,25,3,0,True
S1-476254889,us,2,25,2,0,True
S1-253424710,us,2,25,2,0,True
S1-958418132,us,1,25,1,0,True
S1-115198057,us,2,25,2,0,True
S1-350433118,us,2,25,2,0,True
S1-561152069,india,3,25,3,0,True
S1-925911205,india,5,25,5,0,True
S1-124467266,us,1,25,1,0,True
S1-391598653,india,6,25,4,2,False
S1-828436567,us,3,25,3,0,True
S1-985976695,us,1,25,1,0,True
S1-557547015,india,5,25,3,2,False
S1-418514604,us,7,25,7,0,True
S1-145391673,us,2,25,2,0,True
S1-235258587,us,5,25,5,0,True
S1-131053132,us,6,25,6,0,True
S1-171471216,india,1,25,1,0,True
S1-816804092,us,4,25,4,0,True
S1-903445032,india,6,25,3,3,False
S1-307702274,india,6,25,6,0,True
S1-301025029,india,2,25,2,0,True
S1-461075986,us,3,25,3,0,True
S1-917236836,us,0,25,0,0,True
S1-970972284,india,3,25,1,2,False
S1-287666599,us,5,25,5,0,True
S1-381408998,us,4,25,4,0,True
S1-560567082,india,3,25,3,0,True
S1-19779048,us,4,25,4,0,True
S1-40341246,india,4,25,4,0,True
S1-742621289,india,4,25,4,0,True
S1-243801757,india,4,25,4,0,True
S1-192986616,us,3,25,3,0,True
S1-8860800,us,4,25,4,0,True
S1-952478207,india,3,25,3,0,True
S1-291751421,india,4,25,4,0,True
S1-712291565,us,3,25,3,0,True
S1-178488255,india,3,25,3,0,True
S1-385338713,us,4,25,4,0,True
S1-528556147,india,1,25,1,0,True
S1-64231661,us,3,25,3,0,True
S1-426007492,india,4,25,4,0,True
S1-762241152,india,4,25,2,2,False
S1-244890000,india,5,25,5,0,True
S1-361263438,us,0,25,0,0,True
S1-617582034,us,4,25,4,0,True
S1-357629838,us,3,25,3,0,True
S1-552065633,india,4,25,4,0,True
S1-123141974,india,2,25,2,0,True
S1-462934046,us,3,25,3,0,True
S1-501989527,us,3,25,3,0,True
S1-340955071,india,3,25,3,0,True
S1-393157555,us,6,25,6,0,True
S1-80616247,us,7,25,7,0,True
S1-951599976,us,2,25,2,0,True
S1-108284040,us,4,25,4,0,True
S1-425964729,us,3,25,3,0,True
S1-19593330,us,4,5,4,0,True
S1-615081497,us,4,25,4,0,True
S1-191917402,india,0,25,0,0,True
S1-554539288,us,3,25,3,0,True
S1-926958422,india,4,25,4,0,True
S1-21376915,india,4,25,4,0,True
S1-380561654,us,5,25,5,0,True
S1-279262514,us,5,25,5,0,True
S1-245441123,india,1,25,1,0,True
S1-462108517,india,5,25,5,0,True
S1-100405609,us,5,25,5,0,True
S1-940817399,us,5,25,5,0,True
S1-556629301,india,6,25,6,0,True
S1-202490639,india,3,25,2,1,False
S1-423561595,india,2,25,1,1,False
S1-311486232,india,7,25,6,1,False
S1-406141864,india,2,25,2,0,True
S1-727116642,us,5,25,5,0,True
S1-340817900,us,4,25,4,0,True
S1-8091184,us,1,25,1,0,True
S1-858093716,us,3,25,3,0,True
S1-25587016,us,2,25,2,0,True
S1-459898634,us,6,25,6,0,True
S1-64140802,us,1,25,1,0,True
S1-801330227,us,3,25,3,0,True
S1-107945970,us,3,25,3,0,True
S1-602913883,us,4,25,3,1,False
S1-343559200,us,5,25,5,0,True
S1-30139910,india,6,25,6,0,True
S1-765456522,india,3,25,3,0,True
S1-782812175,india,3,25,3,0,True
S1-951623450,india,0,25,0,0,True
S1-109545202,us,6,25,6,0,True
S1-304071988,us,3,25,3,0,True
S1-960756168,us,2,25,2,0,True
S1-217514760,us,5,25,5,0,True
S1-56520129,india,5,25,3,2,False
S1-21590818,us,5,25,5,0,True
S1-678863564,us,5,25,5,0,True
S1-159067707,india,4,25,4,0,True
S1-746998714,india,3,25,2,1,False
S1-44206067,india,5,25,5,0,True
S1-763929053,us,5,25,5,0,True
S1-751233527,us,7,25,7,0,True
S1-927651996,india,4,25,4,0,True
S1-735929786,us,3,25,3,0,True
S1-981346708,india,3,25,3,0,True
S1-941259582,us,4,5,4,0,True
S1-384957255,india,3,25,3,0,True
S1-705139382,india,3,25,3,0,True
S1-234439628,us,1,25,0,1,False
S1-361627720,india,0,25,0,0,True
S1-784755286,india,3,25,3,0,True
S1-276003295,india,1,25,1,0,True
S1-478051664,us,3,25,3,0,True
S1-657278286,us,2,25,2,0,True
S1-806365059,india,3,25,3,0,True
S1-733062267,india,2,25,2,0,True
S1-219401270,us,5,25,4,1,False
S1-915749247,india,2,25,2,0,True
S1-992003464,india,3,25,3,0,True
S1-904740875,us,3,25,3,0,True
S1-53356096,india,3,25,3,0,True
S1-705759195,us,4,25,4,0,True
S1-160617128,india,4,25,4,0,True
S1-181290919,us,2,25,2,0,True
S1-716574008,india,5,25,5,0,True
S1-402994011,us,2,2,2,0,True
S1-40364814,us,5,25,4,1,False
S1-543144015,india,3,25,3,0,True
S1-392566689,us,6,25,4,2,False
S1-256047752,us,5,25,5,0,True
S1-853862695,us,3,25,3,0,True
S1-241872490,us,2,25,2,0,True
S1-840279529,us,4,25,4,0,True
S1-478567299,us,6,25,6,0,True
S1-328508353,india,4,25,4,0,True
S1-336167025,us,4,25,4,0,True
S1-643802882,india,2,25,2,0,True
S1-361057210,us,5,25,5,0,True
S1-633523724,us,6,25,5,1,False
S1-928740863,india,4,25,3,1,False
S1-304386686,us,3,25,3,0,True
S1-667419894,us,4,25,4,0,True
S1-29696416,india,2,25,1,1,False
S1-316246362,india,0,25,0,0,True
S1-450305455,us,4,25,4,0,True
S1-249796146,us,2,25,2,0,True
S1-439990641,india,4,25,4,0,True
S1-629251592,us,5,25,5,0,True
S1-411827788,india,0,25,0,0,True
S1-74901450,india,5,25,4,1,False
S1-952266463,us,2,25,2,0,True
S1-458813085,india,3,25,3,0,True
S1-571214733,us,2,25,2,0,True
S1-866832780,us,5,25,5,0,True
S1-280802664,us,4,25,4,0,True
S1-585692765,us,3,25,3,0,True
S1-152967828,us,3,25,3,0,True
S1-568752914,us,4,25,4,0,True
S1-40587009,us,3,25,3,0,True
S1-85210897,india,2,25,2,0,True
S1-956108284,india,3,25,3,0,True
S1-86094936,india,3,25,1,2,False
S1-208942438,us,3,25,3,0,True
S1-289445281,india,2,25,1,1,False
S1-967173158,india,6,25,6,0,True
S1-516296490,us,5,25,5,0,True
S1-589719894,us,2,25,2,0,True
S1-911946238,us,1,25,1,0,True
S1-446059976,us,3,25,3,0,True
S1-533784843,us,3,25,3,0,True
S1-12716980,us,2,25,2,0,True
S1-603107324,us,5,25,5,0,True
S1-42826659,us,3,25,2,1,False
S1-159288198,us,3,25,3,0,True
S1-281523825,india,3,25,3,0,True
S1-953712905,us,8,25,8,0,True
S1-67160153,us,3,25,3,0,True
S1-950597151,us,3,25,3,0,True
S1-964972529,india,4,25,3,1,False
S1-786043456,us,4,25,4,0,True
S1-326888389,india,6,25,6,0,True
S1-86014575,india,3,25,2,1,False
S1-210351093,india,1,25,1,0,True
S1-927698206,us,4,25,4,0,True
S1-352105774,us,4,13,4,0,True
S1-276717160,us,5,25,5,0,True
S1-814048116,us,4,25,4,0,True
S1-713070619,us,6,25,6,0,True
S1-512069001,india,2,25,2,0,True
S1-21084577,us,4,25,4,0,True
S1-110662739,us,3,25,3,0,True
S1-37071617,india,4,25,3,1,False
S1-727634534,us,6,25,6,0,True
S1-255988217,us,4,25,4,0,True
S1-258644838,us,3,25,3,0,True
S1-148428619,india,3,25,3,0,True
S1-814475089,us,7,25,7,0,True
S1-394340130,india,2,25,1,1,False
S1-764937251,us,2,25,2,0,True
S1-425011135,us,3,25,3,0,True
S1-40214460,india,3,25,3,0,True
S1-721280747,us,2,25,2,0,True
S1-832176702,us,4,25,4,0,True
S1-195381333,india,3,25,2,1,False
S1-140279129,india,4,25,4,0,True
S1-600659240,us,2,25,2,0,True
S1-277014552,india,5,25,1,4,False
S1-122992596,us,3,25,3,0,True
S1-882835124,india,5,25,5,0,True
S1-602440532,us,4,17,3,1,False
S1-376606321,us,6,25,6,0,True
S1-524765559,india,4,25,4,0,True
S1-683697428,us,5,25,5,0,True
S1-117094654,us,4,25,4,0,True
S1-981766382,india,2,25,2,0,True
S1-246462346,us,0,25,0,0,True
S1-891539767,india,4,25,4,0,True
S1-799587036,india,6,25,6,0,True
S1-54076594,us,2,25,2,0,True
S1-827759398,india,2,25,2,0,True
S1-886116894,india,3,25,3,0,True
S1-211335835,us,2,25,2,0,True
S1-885630742,us,6,25,6,0,True
S1-802762694,us,5,25,5,0,True
S1-432152596,us,4,25,4,0,True
S1-237782086,us,6,25,6,0,True
S1-72073780,us,4,25,4,0,True
S1-886002896,us,3,25,3,0,True
S1-430362117,india,5,25,3,2,False
S1-835204997,us,4,25,3,1,False
S1-367148113,india,5,25,5,0,True
S1-146941945,india,3,25,2,1,False
S1-694921791,india,6,25,6,0,True
S1-601945198,india,2,25,2,0,True
S1-971250306,india,4,25,2,2,False
S1-307708702,india,7,25,7,0,True
S1-854207766,india,3,25,3,0,True
S1-870254921,india,4,25,2,2,False
S1-786434853,india,3,25,3,0,True
S1-756273602,us,2,25,1,1,False
S1-619314161,india,6,25,3,3,False
S1-263383485,us,5,25,5,0,True
S1-793019850,us,3,25,2,1,False
S1-23124190,us,3,25,3,0,True
S1-264272517,us,5,25,5,0,True
S1-295693503,us,2,25,2,0,True
S1-643953045,us,4,25,4,0,True
S1-36985251,us,7,25,7,0,True
S1-694786973,us,4,25,4,0,True
S1-591911604,india,4,25,3,1,False
S1-297289817,us,2,25,2,0,True
S1-683996760,us,3,25,3,0,True
S1-864632129,india,0,25,0,0,True
S1-910315718,us,0,25,0,0,True
S1-3233840,us,3,25,3,0,True
S1-163077720,india,5,25,1,4,False
S1-65467434,india,3,25,3,0,True
S1-350438578,us,4,25,4,0,True
S1-295377582,india,4,25,3,1,False
S1-793492834,us,3,25,2,1,False
S1-196747008,india,4,25,4,0,True
S1-60414795,us,0,25,0,0,True
S1-598823125,us,3,25,2,1,False
S1-736499135,us,4,25,4,0,True
S1-660044232,us,0,25,0,0,True
S1-585187511,us,3,25,3,0,True
S1-498738124,us,3,25,3,0,True
S1-960158214,us,2,25,2,0,True
S1-706514314,us,4,25,4,0,True
S1-706942192,india,5,10,5,0,True
S1-616628716,india,5,16,5,0,True
S1-204397870,us,4,25,4,0,True
S1-494965033,us,4,25,4,0,True
S1-393432530,us,4,25,3,1,False
S1-323747485,us,6,25,6,0,True
S1-366679144,india,5,25,3,2,False
S1-445993033,us,5,25,4,1,False
S1-156385687,india,4,8,4,0,True
S1-728332269,us,3,25,3,0,True
S1-767574104,us,4,25,4,0,True
S1-662125193,us,5,25,5,0,True
S1-281058043,us,3,25,3,0,True
S1-719801396,us,5,25,5,0,True
S1-608900722,india,3,25,3,0,True
S1-299742816,us,5,25,5,0,True
S1-529563044,us,3,25,3,0,True
S1-277375862,us,5,25,5,0,True
S1-719238784,us,5,25,5,0,True
S1-522048870,india,3,25,2,1,False
S1-709830881,india,3,25,3,0,True
S1-401836525,us,4,25,3,1,False
S1-111821062,india,2,25,2,0,True
S1-623950425,us,3,25,3,0,True
S1-30221210,us,3,25,3,0,True
S1-288523937,india,2,25,1,1,False
S1-285770227,us,3,25,3,0,True
S1-568217118,us,4,25,3,1,False
S1-183283123,india,5,25,2,3,False
S1-207140536,india,6,25,6,0,True
S1-835425265,us,6,25,6,0,True
S1-451077707,india,4,25,3,1,False
S1-104218993,india,4,25,4,0,True
S1-978619316,us,3,25,3,0,True
S1-856490667,us,4,25,4,0,True
S1-308838396,us,3,25,3,0,True
S1-701406091,us,7,25,7,0,True
S1-464518977,us,2,25,1,1,False
S1-89003311,us,2,25,2,0,True
S1-232999426,india,4,25,4,0,True
S1-959189311,us,3,25,3,0,True
S1-328164935,us,5,6,5,0,True
S1-554153436,us,4,25,4,0,True
S1-678432639,us,3,25,3,0,True
S1-977818366,us,6,25,6,0,True
S1-648030801,us,4,25,4,0,True
S1-14447328,india,6,25,5,1,False
S1-960203090,india,4,25,4,0,True
S1-197213235,us,1,25,1,0,True
S1-948336320,us,0,25,0,0,True
S1-131527067,us,2,25,2,0,True
S1-598605289,india,5,25,5,0,True
S1-58789724,india,8,25,8,0,True
S1-500841209,us,2,25,2,0,True
S1-359565833,us,5,25,5,0,True
S1-786791050,india,4,25,4,0,True
S1-154180077,us,3,25,3,0,True
S1-27002930,us,3,25,3,0,True
S1-710147242,india,3,7,2,1,False
S1-932911903,us,0,25,0,0,True
S1-989203377,us,6,25,6,0,True
S1-332410345,india,3,25,3,0,True
S1-122637196,us,3,25,3,0,True
S1-918001356,india,5,25,5,0,True
S1-870635515,us,2,25,2,0,True
S1-559551054,us,4,25,4,0,True
S1-824076722,india,4,25,0,4,False
S1-761471261,us,5,25,5,0,True
S1-729110319,india,2,25,2,0,True
S1-761010516,us,2,25,2,0,True
S1-424529930,us,3,25,3,0,True
S1-336067611,us,7,25,7,0,True
S1-629550667,us,2,25,2,0,True
S1-494268853,india,2,25,1,1,False
S1-66330797,us,7,25,6,1,False
S1-89111115,us,5,25,5,0,True
S1-901601528,us,4,25,4,0,True
S1-163344744,india,5,25,4,1,False
S1-261677136,us,4,25,4,0,True
S1-856568333,india,3,25,3,0,True
S1-850758454,india,3,25,3,0,True
S1-143099585,us,3,25,3,0,True
S1-155027115,india,1,25,0,1,False
S1-346808265,us,3,25,3,0,True
S1-685028795,india,6,25,5,1,False
S1-795351574,us,0,6,0,0,True
S1-566137077,us,5,25,5,0,True
S1-45964697,us,6,25,6,0,True
S1-282690665,us,4,25,4,0,True
S1-950265172,us,3,25,3,0,True
S1-362498466,india,3,25,1,2,False
S1-797361235,india,6,25,4,2,False
S1-161456522,us,3,25,3,0,True
S1-511010319,india,3,25,1,2,False
S1-948624922,us,7,25,7,0,True
S1-27158214,us,3,25,3,0,True
S1-665706894,india,4,25,4,0,True
S1-67142427,india,2,25,2,0,True
S1-940115232,india,4,25,4,0,True
S1-343224704,us,3,25,2,1,False
S1-412886077,us,5,25,5,0,True
S1-387418200,us,6,25,6,0,True
S1-113308274,india,5,25,4,1,False
S1-572490154,india,6,25,6,0,True
S1-534520678,us,2,25,2,0,True
S1-484130661,us,3,25,3,0,True
S1-537490349,india,5,25,5,0,True
S1-209427810,us,5,25,5,0,True
S1-901987948,india,4,25,4,0,True
S1-72918323,us,4,25,4,0,True
S1-678466717,india,4,9,4,0,True
S1-538770994,us,5,25,5,0,True
S1-559697713,india,5,25,5,0,True
S1-327685774,us,4,25,4,0,True
S1-311728134,us,3,25,3,0,True
S1-147465602,india,2,25,1,1,False
S1-75897373,india,3,25,1,2,False
S1-279661956,us,5,25,5,0,True
S1-155964028,us,0,25,0,0,True
S1-218527802,us,6,25,6,0,True
S1-911150048,india,0,25,0,0,True
S1-203667972,us,2,25,2,0,True
S1-49535321,us,4,25,3,1,False
S1-840707969,india,4,25,4,0,True
S1-565936968,india,3,25,3,0,True
S1-970488686,us,6,25,6,0,True
S1-784078088,us,0,25,0,0,True
S1-51122580,india,0,25,0,0,True
S1-549086594,india,4,25,3,1,False
S1-519752161,india,2,25,2,0,True
S1-991841132,us,4,25,4,0,True
S1-388325812,us,5,24,4,1,False
S1-293856437,us,6,25,6,0,True
S1-927372443,india,6,25,3,3,False
S1-988516196,us,4,25,4,0,True
S1-768087173,us,4,25,4,0,True
S1-933508054,india,5,25,5,0,True
S1-94486532,us,3,25,3,0,True
S1-896836973,us,4,25,4,0,True
S1-615462936,us,1,25,1,0,True
S1-860354142,us,3,25,3,0,True
S1-723773808,india,4,9,4,0,True
S1-697130648,us,3,25,3,0,True
S1-506810298,us,3,25,3,0,True
S1-211513332,us,2,25,2,0,True
S1-99838517,us,3,25,3,0,True
S1-338441694,india,0,25,0,0,True
S1-109581032,us,5,25,5,0,True
S1-26973979,us,3,25,3,0,True
S1-80185149,us,4,25,4,0,True
S1-413587705,india,4,25,4,0,True
S1-772468356,india,3,25,3,0,True
S1-902552291,india,6,25,6,0,True
S1-621386822,india,5,25,4,1,False
S1-745775319,india,3,25,3,0,True
S1-983570198,india,0,25,0,0,True
S1-469219828,india,3,25,2,1,False
S1-308240187,us,5,15,4,1,False
S1-903489002,india,5,25,5,0,True
S1-677633780,us,0,25,0,0,True
S1-33022604,us,3,25,3,0,True
S1-576426786,us,6,25,6,0,True
S1-400092918,us,4,25,4,0,True
S1-981670420,india,3,25,2,1,False
S1-281356776,india,4,25,2,2,False
S1-340387961,us,3,25,3,0,True
S1-727791058,us,6,25,6,0,True
S1-446787657,us,2,25,2,0,True
S1-183607353,us,4,25,4,0,True
S1-487019031,us,4,25,4,0,True
S1-993376356,us,3,25,3,0,True
S1-913042783,us,0,25,0,0,True
S1-581797355,india,5,25,5,0,True
S1-329965372,us,8,25,8,0,True
S1-52008571,india,1,25,1,0,True
S1-180811452,india,3,25,3,0,True
S1-322870651,india,3,25,1,2,False
S1-102769539,india,3,25,3,0,True
S1-557411773,us,3,25,3,0,True
S1-370280626,india,3,25,3,0,True
S1-527832128,india,6,25,5,1,False
S1-635491453,us,6,25,5,1,False
S1-26906339,us,2,25,2,0,True
S1-900223558,india,5,25,5,0,True
S1-89723082,us,1,25,1,0,True
S1-834325810,india,4,25,4,0,True
S1-816183362,us,3,25,3,0,True
S1-302710833,us,5,25,5,0,True
S1-999829769,us,4,25,4,0,True
S1-356513536,india,3,25,3,0,True
S1-554097475,us,1,25,1,0,True
S1-157665666,us,7,25,6,1,False
S1-29956173,us,4,25,4,0,True
S1-125331877,india,5,25,5,0,True
S1-571317154,us,3,25,3,0,True
S1-782374520,us,5,25,5,0,True
S1-894646020,india,6,25,4,2,False
S1-921119146,india,5,25,4,1,False
S1-220560462,india,3,25,3,0,True
S1-773968745,us,3,25,3,0,True
S1-517248583,india,4,25,4,0,True
S1-442010484,us,5,25,5,0,True
S1-325106163,india,5,25,0,5,False
S1-960355473,india,5,25,4,1,False
S1-787433012,us,0,25,0,0,True
S1-995584103,india,0,25,0,0,True
S1-224323971,us,3,25,3,0,True
S1-838617018,india,5,25,5,0,True
S1-382930093,india,4,25,4,0,True
S1-44868915,us,6,25,5,1,False
S1-781210509,us,1,25,1,0,True
S1-967153211,us,3,25,3,0,True
S1-802954685,india,5,25,2,3,False
S1-933789478,us,2,25,2,0,True
S1-304297041,india,8,25,8,0,True
S1-280987053,us,0,25,0,0,True
S1-464797359,us,1,25,1,0,True
S1-791947968,india,2,25,2,0,True
S1-813341836,us,3,25,3,0,True
S1-230658168,us,2,25,2,0,True
S1-318218643,us,3,25,3,0,True
S1-804287238,us,5,25,5,0,True
S1-104866121,india,3,25,3,0,True
S1-303700722,india,4,25,4,0,True
S1-668525331,india,2,25,2,0,True
S1-340744823,us,3,25,3,0,True
S1-16689462,us,4,25,4,0,True
S1-763705781,us,1,25,1,0,True
S1-950174003,india,2,25,2,0,True
S1-57274805,india,6,25,6,0,True
S1-757100365,india,5,25,5,0,True
S1-972415063,india,0,25,0,0,True
S1-563624255,us,3,25,3,0,True
S1-456715439,us,3,25,3,0,True
S1-270971412,us,0,25,0,0,True
S1-521730978,india,5,25,4,1,False
S1-504442535,us,4,25,4,0,True
S1-108225323,us,4,25,4,0,True
S1-169836978,us,6,25,6,0,True
S1-145606139,us,3,25,3,0,True
S1-546544677,india,3,25,2,1,False
S1-697777760,india,5,25,3,2,False
S1-621488922,us,5,25,3,2,False
S1-752489684,us,5,25,5,0,True
S1-530898943,us,4,25,4,0,True
S1-858252911,us,4,25,4,0,True
S1-344985036,us,4,25,3,1,False
S1-30166617,us,1,25,1,0,True
S1-568450762,us,1,25,1,0,True
S1-389234911,india,1,25,1,0,True
S1-803676246,india,5,25,3,2,False
S1-515548222,us,5,25,5,0,True
S1-696598587,us,3,25,3,0,True
S1-338939566,india,4,25,4,0,True
S1-684545756,india,0,25,0,0,True
S1-486938705,us,3,25,3,0,True
S1-204931911,us,2,25,2,0,True
S1-437415597,us,4,25,4,0,True
S1-513215566,us,4,25,4,0,True
S1-548666602,india,6,25,6,0,True
S1-295919264,us,4,25,4,0,True
S1-562441786,us,0,25,0,0,True
S1-995015295,us,4,25,4,0,True
S1-382534463,us,3,25,3,0,True
S1-56234230,india,3,25,3,0,True
S1-737273497,us,2,25,2,0,True
S1-51112073,us,5,25,5,0,True
S1-927040107,us,4,25,3,1,False
S1-842779104,us,6,25,6,0,True
S1-482850607,india,0,25,0,0,True
S1-841864760,us,3,25,3,0,True
S1-174647865,india,4,25,4,0,True
S1-37290366,us,2,25,2,0,True
S1-657654513,us,3,25,3,0,True
S1-197197167,us,5,25,5,0,True
S1-700815000,us,5,25,5,0,True
S1-50821480,india,3,25,3,0,True
S1-811062762,us,4,25,4,0,True
S1-464761064,us,3,25,3,0,True
S1-92194053,india,5,25,5,0,True
S1-488537245,india,0,25,0,0,True
S1-360683127,us,6,25,6,0,True
S1-108761292,us,3,25,3,0,True
S1-302250545,us,4,25,4,0,True
S1-831922252,india,5,25,5,0,True
S1-31575673,us,5,25,5,0,True
S1-441821984,india,4,25,2,2,False
S1-622557613,india,7,25,7,0,True
S1-621270574,india,2,25,0,2,False
S1-932913306,us,3,25,3,0,True
S1-202530197,us,7,25,7,0,True
S1-663286282,us,0,25,0,0,True
S1-195181543,us,4,25,4,0,True
S1-203924219,us,2,25,2,0,True
S1-508306248,us,2,25,1,1,False
S1-236397740,india,2,25,2,0,True
S1-528100157,us,2,25,2,0,True
S1-792880767,us,5,25,5,0,True
S1-57859332,us,7,25,7,0,True
S1-331839088,us,2,25,2,0,True
S1-665662163,us,5,25,5,0,True
S1-380094562,us,5,25,4,1,False
S1-874930061,india,0,25,0,0,True
S1-416973921,us,3,25,3,0,True
S1-320400684,india,2,25,2,0,True
S1-734453985,us,1,25,1,0,True
S1-574588231,india,4,25,4,0,True
S1-512080827,india,3,25,3,0,True
S1-44450013,us,4,23,4,0,True
S1-703200453,india,2,25,2,0,True
S1-46615290,us,4,25,4,0,True
S1-544666921,india,6,25,6,0,True
S1-95264755,india,1,25,1,0,True
S1-730064090,us,3,25,3,0,True
S1-734809873,us,2,25,2,0,True
S1-352005417,us,5,25,5,0,True
S1-708796012,us,6,25,6,0,True
S1-269656551,india,1,25,1,0,True
S1-484025155,us,2,25,2,0,True
S1-187058094,india,5,25,5,0,True
S1-433113004,india,6,25,6,0,True
S1-751201325,us,3,25,3,0,True
S1-504863624,us,5,25,5,0,True
S1-425938131,india,3,25,3,0,True
S1-148226061,us,2,25,2,0,True
S1-934461604,us,2,25,2,0,True
S1-13387750,india,0,25,0,0,True
S1-410701476,us,6,25,6,0,True
S1-351358518,us,2,25,2,0,True
S1-513693430,us,2,25,2,0,True
S1-832983427,us,3,25,3,0,True
S1-952571031,us,4,25,3,1,False
S1-372752185,india,4,24,4,0,True
S1-27029362,us,4,25,4,0,True
S1-64915886,india,3,25,2,1,False
S1-12487330,india,3,14,2,1,False
S1-117227369,us,6,25,6,0,True
S1-638324619,us,2,25,2,0,True
S1-823468609,us,3,12,3,0,True
S1-332388880,us,5,25,4,1,False
S1-66272365,india,3,25,3,0,True
S1-387747643,us,5,25,4,1,False
S1-263481527,india,5,25,5,0,True
S1-227354877,us,5,25,5,0,True
S1-842728679,us,3,25,2,1,False
S1-496563197,us,2,25,2,0,True
S1-5718747,india,4,25,4,0,True
S1-821893871,us,3,25,3,0,True
S1-232824478,us,5,25,5,0,True
S1-901695846,us,5,25,5,0,True
S1-938792097,india,3,25,2,1,False
S1-680231884,india,2,25,2,0,True
S1-280803193,us,4,25,4,0,True
S1-851334426,us,2,25,2,0,True
S1-929809097,us,3,25,3,0,True
S1-513400646,india,2,25,2,0,True
S1-338830003,us,5,9,5,0,True
S1-558847131,us,4,25,4,0,True
S1-756304715,us,7,25,6,1,False
S1-802120230,us,3,25,3,0,True
S1-301283839,india,1,25,0,1,False
S1-400760786,us,7,25,7,0,True
S1-680124546,india,5,25,5,0,True
S1-824885867,india,3,25,2,1,False
S1-262405622,us,4,25,4,0,True
S1-783546194,india,2,25,2,0,True
S1-139532667,india,4,25,3,1,False
S1-717412354,india,4,25,4,0,True
S1-20235192,india,1,25,1,0,True
S1-385927046,us,2,25,2,0,True
S1-654634473,india,3,25,3,0,True
S1-487408870,us,6,25,6,0,True
S1-411926733,india,3,25,3,0,True
S1-295075765,us,8,22,7,1,False
S1-983237906,us,5,25,4,1,False
S1-961259101,india,5,25,2,3,False
S1-557783855,india,1,25,1,0,True
S1-350057104,india,1,25,1,0,True
S1-977477433,india,2,25,2,0,True
S1-4159617,us,2,25,2,0,True
S1-738271924,us,6,25,6,0,True
S1-461834175,us,0,25,0,0,True
S1-779272412,us,3,25,3,0,True
S1-352958862,us,4,25,4,0,True
S1-734659223,us,5,25,5,0,True
S1-231764347,us,1,25,1,0,True
S1-523354110,india,4,25,2,2,False
S1-168182736,us,3,25,3,0,True
S1-434802827,us,8,25,8,0,True
S1-374959431,us,0,25,0,0,True
S1-481032281,us,5,25,5,0,True
S1-518394026,india,2,25,0,2,False
S1-194449837,india,2,25,2,0,True
S1-713113814,india,4,25,4,0,True
S1-360188878,india,5,25,3,2,False
S1-926243009,us,4,25,4,0,True
S1-170243264,india,4,25,3,1,False
S1-857022301,us,6,25,6,0,True
S1-351950757,us,4,25,4,0,True
S1-234962770,india,4,25,4,0,True
S1-139220284,india,3,25,3,0,True
S1-402877115,us,7,25,7,0,True
S1-68626877,us,1,25,1,0,True
S1-206477802,us,3,25,3,0,True
S1-597401517,us,4,25,4,0,True
S1-183760590,us,6,25,6,0,True
S1-707470669,us,3,25,3,0,True
S1-597789322,india,5,25,2,3,False
S1-611958238,us,3,25,2,1,False
S1-650059632,us,2,25,1,1,False
S1-565144955,us,6,25,5,1,False
S1-94250675,us,4,25,3,1,False
S1-964934201,india,4,25,4,0,True
S1-3276518,india,4,25,4,0,True
S1-459996080,us,5,25,5,0,True
S1-739118392,india,3,25,1,2,False
S1-747035688,us,3,25,3,0,True
S1-585596917,india,4,25,3,1,False
S1-595315008,us,7,25,7,0,True
S1-623313504,us,1,25,1,0,True
S1-554902174,us,1,25,1,0,True
S1-843445319,india,3,25,3,0,True
S1-999555430,us,4,25,4,0,True
S1-383867699,india,1,25,1,0,True
S1-193379835,india,5,25,5,0,True
S1-114549366,india,3,25,3,0,True
S1-965820884,india,1,25,1,0,True
S1-153230899,us,3,25,3,0,True
S1-312705248,us,3,25,2,1,False
S1-391589408,us,4,25,4,0,True
S1-979207238,india,3,25,2,1,False
S1-178206037,india,6,25,6,0,True
S1-520813789,india,2,25,2,0,True
S1-216179293,us,6,25,6,0,True
S1-385259135,india,4,25,4,0,True
S1-737635669,us,8,25,8,0,True
S1-382138150,india,5,25,5,0,True
S1-437908048,us,3,25,2,1,False
S1-443552476,india,7,25,7,0,True
S1-566012078,india,3,25,3,0,True
S1-774836812,us,5,25,4,1,False
S1-698319487,us,3,25,3,0,True
S1-201376315,us,3,25,3,0,True
S1-181609420,india,2,25,2,0,True
S1-244454509,us,4,25,4,0,True
S1-950070723,us,5,25,5,0,True
S1-48025555,us,5,25,5,0,True
S1-136650911,us,1,25,1,0,True
S1-238115724,india,2,25,2,0,True
S1-436247714,us,0,25,0,0,True
S1-943567970,us,4,25,4,0,True
S1-432558180,us,3,25,2,1,False
S1-543135526,us,0,25,0,0,True
S1-245852888,india,2,25,2,0,True
S1-760830552,us,2,25,2,0,True
S1-946825840,us,3,25,3,0,True
S1-606531358,us,3,25,3,0,True
S1-831133424,us,7,25,7,0,True
S1-941709619,india,3,25,3,0,True
S1-327146826,india,3,25,3,0,True
S1-303487417,us,7,25,7,0,True
S1-506019440,us,4,25,4,0,True
S1-831843558,us,3,25,3,0,True
S1-556845820,us,3,25,3,0,True
S1-241480437,us,3,25,3,0,True
S1-676682334,india,3,25,2,1,False
S1-35850492,us,3,11,3,0,True
S1-130018504,india,3,25,0,3,False
S1-656459229,india,5,25,5,0,True
S1-357556905,us,5,25,5,0,True
S1-763686921,india,5,25,5,0,True
S1-199042405,india,6,25,5,1,False
S1-770749194,us,5,25,5,0,True
S1-843843070,india,0,25,0,0,True
S1-786620416,india,3,25,3,0,True
S1-80960427,india,5,25,5,0,True
S1-395950954,us,4,25,4,0,True
S1-700641920,us,1,25,1,0,True
S1-594414079,us,5,25,5,0,True
S1-690898835,us,5,25,5,0,True
S1-664387167,us,1,25,1,0,True
S1-832279158,india,7,25,7,0,True
S1-975759136,us,1,25,1,0,True
S1-695642296,india,5,25,5,0,True
S1-938749335,us,3,25,3,0,True
S1-804663373,india,3,25,0,3,False
S1-567398746,us,1,25,1,0,True
S1-378062593,us,2,25,2,0,True
S1-509961458,india,3,25,3,0,True
S1-610162639,us,6,25,6,0,True
S1-967735640,india,3,25,1,2,False
S1-988321030,us,6,25,6,0,True
S1-541407190,us,0,25,0,0,True
S1-582600323,us,1,25,1,0,True
S1-6197302,us,3,25,3,0,True
S1-417600197,india,3,25,3,0,True
S1-690449852,us,5,25,5,0,True
S1-163521308,us,2,25,2,0,True
S1-391548630,india,2,25,1,1,False
S1-251039333,us,3,25,3,0,True
S1-388333810,us,3,25,3,0,True
S1-630130733,india,4,25,2,2,False
S1-293049146,india,3,25,2,1,False
S1-575424563,india,3,25,3,0,True
S1-698564395,us,4,25,4,0,True
S1-4869416,us,2,25,2,0,True
S1-346270459,us,4,25,4,0,True
S1-100516852,us,2,25,2,0,True
S1-561269090,us,5,25,5,0,True
S1-105648976,us,5,25,5,0,True
S1-866433024,us,3,25,3,0,True
S1-130677609,india,3,25,1,2,False
S1-988634923,india,4,25,4,0,True
S1-353752505,india,5,25,5,0,True
S1-663199736,us,1,25,1,0,True
S1-671129885,us,1,25,1,0,True
S1-400371708,india,4,25,4,0,True
S1-611838759,india,0,25,0,0,True
S1-400872192,us,2,25,2,0,True
S1-613137824,us,6,25,6,0,True
S1-22901106,us,6,25,6,0,True
S1-279376727,us,3,25,3,0,True
S1-622257785,india,1,25,1,0,True
S1-379918793,us,1,25,1,0,True
S1-17584702,us,4,25,4,0,True
S1-647752506,india,4,25,4,0,True
S1-59633785,us,7,25,7,0,True
S1-706839088,india,2,25,2,0,True
S1-942011133,india,2,25,1,1,False
S1-328996647,india,3,25,3,0,True
S1-928914408,us,2,25,2,0,True
S1-850766754,india,4,25,4,0,True
S1-910100521,india,2,25,2,0,True
S1-892913998,india,3,25,3,0,True
S1-566384097,us,0,25,0,0,True
S1-759365268,india,4,25,3,1,False
S1-617760637,us,6,25,6,0,True
S1-284209086,india,5,25,5,0,True
S1-942654297,india,4,25,4,0,True
S1-975506716,india,3,25,3,0,True
S1-415942410,india,4,25,4,0,True
S1-779163586,india,2,25,2,0,True
S1-587039597,us,4,25,4,0,True
S1-357200984,us,4,25,4,0,True
S1-836916847,india,3,25,3,0,True
S1-516705356,india,3,25,2,1,False
S1-46049969,us,4,25,4,0,True
S1-956446110,india,3,25,3,0,True
S1-60980827,india,4,25,4,0,True
S1-536406038,us,4,25,4,0,True
S1-105548872,us,4,25,4,0,True
S1-934459964,us,4,25,4,0,True
S1-722578559,us,5,25,5,0,True
S1-609076271,us,4,25,4,0,True
S1-362520,us,4,25,4,0,True
S1-66391243,india,4,25,3,1,False
S1-560848017,india,7,25,7,0,True
S1-877733833,us,6,25,6,0,True
S1-60946319,us,5,25,3,2,False
S1-873784023,india,6,25,6,0,True
S1-118929976,india,5,25,5,0,True
S1-937288707,india,2,25,2,0,True
S1-196390702,india,5,25,4,1,False
S1-136775058,us,2,25,2,0,True
S1-583016282,india,4,25,4,0,True
S1-472314762,us,2,25,2,0,True
S1-541141877,us,3,25,3,0,True
S1-37213524,us,2,25,2,0,True
S1-234423373,us,1,25,1,0,True
S1-369711048,us,5,25,5,0,True
S1-297525707,india,2,25,1,1,False
S1-182558360,us,3,25,3,0,True
S1-682825529,us,3,25,3,0,True
S1-743208304,india,3,25,3,0,True
S1-981414798,us,2,25,2,0,True
S1-90771849,us,3,25,3,0,True
S1-53694776,india,0,25,0,0,True
S1-455885431,us,3,25,3,0,True
S1-70746778,india,4,25,4,0,True
S1-541567309,us,3,25,3,0,True
S1-541913177,us,6,25,5,1,False
S1-866369736,us,4,25,4,0,True
S1-517800727,us,3,25,3,0,True
S1-250530040,us,4,25,4,0,True
S1-809024061,us,3,25,3,0,True
S1-261779770,us,3,25,3,0,True
S1-20928731,india,7,25,6,1,False
S1-415042128,india,5,25,5,0,True
S1-210502292,india,3,25,3,0,True
S1-763791563,india,2,25,2,0,True
S1-430985536,india,4,25,4,0,True
S1-256724336,us,5,25,5,0,True
S1-842881175,us,3,25,3,0,True
S1-449893244,us,4,25,3,1,False
S1-113951846,india,1,25,1,0,True
S1-368890496,us,5,25,5,0,True
S1-223283080,us,6,25,6,0,True
S1-736162578,us,2,25,2,0,True
S1-52788209,india,2,25,2,0,True
S1-532630246,india,0,25,0,0,True
S1-552518114,us,6,25,6,0,True
S1-132535915,us,3,4,3,0,True
S1-101076392,us,5,25,5,0,True
S1-798808592,us,3,25,3,0,True
S1-619699783,india,0,25,0,0,True
S1-210055577,us,5,25,5,0,True
S1-744315333,us,4,25,4,0,True
S1-435143060,us,4,25,4,0,True
S1-980620862,us,5,25,5,0,True
S1-890545138,india,4,25,4,0,True
S1-577399555,us,2,25,2,0,True
S1-718184733,us,3,25,3,0,True
S1-626812427,us,1,25,1,0,True
S1-780502827,us,3,25,3,0,True
S1-733293133,us,2,25,2,0,True
S1-468476865,us,2,25,2,0,True
S1-780400330,us,2,25,2,0,True
S1-63301966,us,0,25,0,0,True
S1-453939454,us,2,25,2,0,True
S1-788788817,india,1,25,1,0,True
S1-751461651,india,7,25,7,0,True
S1-897226407,india,3,3,3,0,True
S1-750577077,us,4,25,4,0,True
S1-54352084,us,3,25,3,0,True
S1-927838010,india,3,25,1,2,False
S1-869423895,us,3,25,2,1,False
S1-105870348,india,2,25,2,0,True
S1-745728794,us,6,25,6,0,True
S1-843616710,india,2,25,2,0,True
S1-698954473,india,4,25,4,0,True
S1-959580291,us,6,25,6,0,True
S1-411744587,us,5,25,5,0,True
S1-25965321,india,2,25,2,0,True
S1-448345019,india,4,25,4,0,True
S1-541300902,us,1,25,1,0,True
S1-815285897,us,0,25,0,0,True
S1-360909582,us,5,25,5,0,True
S1-533049965,india,6,25,6,0,True
S1-232082545,us,0,25,0,0,True
S1-593081836,us,4,25,4,0,True
S1-395920256,us,5,25,4,1,False
S1-251311978,us,2,25,2,0,True
S1-833989637,us,4,25,4,0,True
S1-558011533,india,5,25,5,0,True
S1-821458465,us,3,25,3,0,True
S1-386857604,india,3,25,3,0,True
S1-805104360,us,5,25,5,0,True
S1-374494307,india,2,25,1,1,False
S1-299278979,india,4,25,4,0,True
S1-161901150,india,0,25,0,0,True
S1-408130216,us,4,25,4,0,True
S1-233584777,us,3,25,3,0,True
S1-672971396,india,5,25,5,0,True
S1-31205819,india,3,25,1,2,False
S1-232902553,india,3,25,1,2,False
S1-575923620,us,4,25,4,0,True
S1-596450212,india,2,25,2,0,True
S1-441322,us,4,25,4,0,True
S1-192345497,us,2,25,2,0,True
S1-206177417,india,2,25,2,0,True
S1-876651852,india,5,25,5,0,True
S1-566485202,us,4,25,4,0,True
S1-696596585,india,0,25,0,0,True
S1-474310615,us,3,25,3,0,True
S1-337438640,india,5,25,5,0,True
S1-907635568,us,5,25,5,0,True
S1-704322291,india,3,25,2,1,False
S1-705923786,us,5,25,5,0,True
S1-539197690,india,7,25,6,1,False
S1-284361235,us,2,25,2,0,True
S1-525055772,us,2,25,2,0,True
S1-915189817,us,4,25,2,2,False
S1-349442534,us,5,25,5,0,True
S1-180853590,us,3,25,3,0,True
S1-624514617,us,2,25,2,0,True
S1-942337153,us,2,25,2,0,True
S1-76740440,india,5,25,4,1,False
S1-596743118,us,4,25,4,0,True
S1-613598143,us,6,25,6,0,True
S1-893535782,india,3,25,3,0,True
S1-482286138,us,4,25,4,0,True
S1-745839307,india,4,25,2,2,False
S1-421901356,us,4,25,4,0,True
S1-807548289,us,2,25,2,0,True
S1-19400879,us,4,25,4,0,True
S1-915479091,us,6,25,6,0,True
S1-14310054,us,4,25,4,0,True
S1-142155533,india,4,25,4,0,True
S1-836203525,india,5,25,5,0,True
S1-22440787,us,5,24,5,0,True
S1-277654353,us,4,25,4,0,True
S1-874413333,us,6,25,6,0,True
S1-446613662,us,0,25,0,0,True
S1-830274816,us,3,25,3,0,True
S1-942104958,india,8,25,8,0,True
S1-685873514,us,3,25,3,0,True
S1-64831661,us,4,25,3,1,False
S1-306275226,india,4,25,4,0,True
S1-431830647,india,1,25,0,1,False
S1-299434720,us,3,25,2,1,False
S1-847959766,us,6,25,6,0,True
S1-922391477,india,3,25,3,0,True
S1-218948566,india,5,25,3,2,False
S1-726402053,india,4,25,4,0,True
S1-389823921,us,2,25,2,0,True
S1-177375169,us,2,25,2,0,True
S1-629969170,us,2,25,2,0,True
S1-722435697,us,4,25,3,1,False
S1-434417645,us,1,25,1,0,True
S1-98304881,us,2,25,2,0,True
S1-932579262,india,3,25,2,1,False
S1-413524687,india,5,25,5,0,True
S1-127222577,india,2,25,1,1,False
S1-401850061,us,3,18,3,0,True
S1-550960819,india,4,25,3,1,False
S1-169108778,india,6,25,3,3,False
S1-909039820,us,2,25,2,0,True
S1-998207330,india,3,25,3,0,True
S1-494949183,india,2,25,2,0,True
S1-527408099,india,3,25,3,0,True
S1-384235216,us,3,25,3,0,True
S1-201577703,us,2,25,2,0,True
S1-937138847,us,8,25,8,0,True
S1-745303317,india,3,25,3,0,True
S1-658151638,us,4,25,3,1,False
S1-728032080,india,3,25,3,0,True
S1-162212562,us,4,25,3,1,False
S1-186761262,india,2,25,2,0,True
S1-892042493,us,4,25,4,0,True
S1-531019485,india,1,25,1,0,True
S1-665624518,india,4,25,3,1,False
S1-941710375,india,6,25,6,0,True
S1-406806264,india,0,25,0,0,True
S1-200572754,india,6,25,6,0,True
S1-66625987,us,2,25,2,0,True
S1-106653705,us,2,25,2,0,True
S1-846542666,us,6,25,6,0,True
S1-477308019,us,3,25,3,0,True
S1-463917421,us,2,25,2,0,True
S1-829384982,us,0,25,0,0,True
S1-136406261,us,4,25,4,0,True
S1-766458019,india,6,25,6,0,True
S1-395285131,india,2,25,2,0,True
S1-70854521,india,4,14,4,0,True
S1-106410807,us,3,25,3,0,True
S1-507861657,us,4,25,3,1,False
S1-506720235,us,7,25,7,0,True
S1-118834288,us,2,25,2,0,True
S1-450374831,india,3,25,3,0,True
S1-427487721,us,4,25,3,1,False
S1-572666706,us,2,25,2,0,True
S1-71090905,us,2,25,1,1,False
S1-164717857,india,8,25,8,0,True
S1-832233358,india,5,25,5,0,True
S1-745976550,us,2,25,2,0,True
S1-115773611,us,4,25,4,0,True
S1-558634684,india,3,25,3,0,True
S1-215469834,us,4,25,3,1,False
S1-588831845,india,0,25,0,0,True
S1-346204963,us,4,25,4,0,True
S1-985038901,us,4,25,4,0,True
S1-705987662,india,3,25,2,1,False
S1-538674211,us,3,25,3,0,True
S1-510197667,us,6,25,6,0,True
S1-890174690,us,0,25,0,0,True
S1-893609958,india,5,25,3,2,False
S1-407280565,us,0,25,0,0,True
S1-602612250,us,2,25,2,0,True
S1-947166860,india,3,25,2,1,False
S1-663434335,us,3,25,3,0,True
S1-376690332,india,3,25,3,0,True
S1-688146797,india,3,25,3,0,True
S1-398084502,us,1,25,1,0,True
S1-930625292,us,5,25,5,0,True
S1-111065528,us,7,25,7,0,True
S1-527727380,india,4,25,2,2,False
S1-101122655,india,5,25,5,0,True
S1-455034843,us,4,25,4,0,True
S1-388312190,us,1,25,1,0,True
S1-828302204,india,6,25,6,0,True
S1-778456014,india,4,25,4,0,True
S1-247326908,india,4,25,4,0,True
S1-300211684,us,5,25,4,1,False
S1-37338275,india,3,25,3,0,True
S1-978421811,us,5,25,5,0,True
S1-735283511,india,0,25,0,0,True
S1-361080711,us,5,25,5,0,True
S1-252832899,us,3,25,3,0,True
S1-432139268,us,4,25,4,0,True
S1-807703451,india,5,25,5,0,True
S1-68079909,us,0,25,0,0,True
S1-919043101,us,3,25,3,0,True
S1-16807998,us,2,25,2,0,True
S1-437422427,us,0,25,0,0,True
S1-604117272,india,4,25,4,0,True
S1-805811299,us,6,25,6,0,True
S1-616272752,us,3,25,3,0,True
S1-299511557,us,3,25,3,0,True
S1-297863402,us,4,25,4,0,True
S1-292393735,us,4,25,4,0,True
S1-468014304,us,3,25,3,0,True
S1-26989708,india,5,25,4,1,False
S1-120641530,india,4,25,4,0,True
S1-180130122,india,4,25,4,0,True
S1-911545093,us,6,25,6,0,True
S1-45414958,india,3,25,1,2,False
S1-880453398,india,2,25,2,0,True
S1-566183725,india,4,25,4,0,True
S1-502818456,india,2,25,2,0,True
S1-912338564,us,1,25,1,0,True
S1-791107630,india,8,25,8,0,True
S1-22973786,india,3,25,1,2,False
S1-708163208,us,6,25,6,0,True
S1-890936433,india,2,25,1,1,False
S1-459799143,us,4,25,4,0,True
S1-548093714,us,2,25,2,0,True
S1-339696594,us,3,25,3,0,True
S1-424010232,india,3,25,1,2,False
S1-314140809,us,1,21,1,0,True
S1-158892085,us,3,25,3,0,True
S1-229555888,us,3,25,3,0,True
S1-502288504,us,3,25,3,0,True
S1-256480068,india,3,25,3,0,True
S1-270255759,us,4,25,4,0,True
S1-449921816,us,3,25,3,0,True
S1-226731020,india,0,25,0,0,True
S1-968656774,us,5,25,5,0,True
S1-254658412,india,6,25,4,2,False
S1-107682341,us,3,25,3,0,True
S1-810345819,india,5,25,5,0,True
S1-78424718,india,3,25,3,0,True
S1-122232705,us,4,4,4,0,True
S1-925783039,us,4,25,4,0,True
S1-846069907,india,2,25,2,0,True
S1-178557616,us,0,25,0,0,True
S1-537320793,us,2,25,2,0,True
S1-305903794,india,6,10,5,1,False
S1-197934161,us,7,25,7,0,True
S1-797568090,india,1,25,1,0,True
S1-887329419,us,3,25,3,0,True
S1-427094761,india,3,25,2,1,False
S1-200376709,us,5,25,5,0,True
S1-9355688,india,2,25,2,0,True
S1-104955523,india,3,25,2,1,False
S1-82192539,us,2,25,2,0,True
S1-615738219,india,4,25,4,0,True
S1-477299338,india,3,25,1,2,False
S1-321082989,us,4,25,4,0,True
S1-353948236,us,2,25,2,0,True
S1-372897884,us,2,25,2,0,True
S1-314207684,india,10,25,8,2,False
S1-500552277,us,6,25,6,0,True
S1-875631699,india,2,25,1,1,False
S1-832785535,us,6,25,6,0,True
S1-360352734,us,4,25,4,0,True
S1-909532705,us,4,25,4,0,True
S1-809269444,india,2,25,0,2,False
S1-644993010,us,3,25,3,0,True
S1-501651309,india,4,25,3,1,False
S1-565539266,india,4,25,3,1,False
S1-633582317,us,7,25,7,0,True
S1-942590387,us,5,25,5,0,True
S1-40830766,india,0,25,0,0,True
S1-183540234,india,4,25,4,0,True
S1-735268637,us,2,25,2,0,True
S1-570889630,us,4,25,4,0,True
S1-981258859,us,5,25,5,0,True
S1-279028557,us,7,25,7,0,True
S1-284582618,us,4,25,4,0,True
S1-325616466,us,8,25,8,0,True
S1-449996405,us,0,25,0,0,True
S1-477538874,us,1,1,1,0,True
S1-922050595,india,5,25,5,0,True
S1-889584874,us,4,25,4,0,True
S1-373692986,india,6,25,5,1,False
S1-549730361,us,6,25,5,1,False
S1-862093695,us,1,10,1,0,True
S1-204848731,us,4,25,4,0,True
S1-824088734,us,2,25,2,0,True
S1-376114110,india,4,25,4,0,True
S1-746713383,us,2,25,2,0,True
S1-544254899,us,3,25,3,0,True
S1-278247824,india,2,25,0,2,False
S1-545370440,us,5,25,5,0,True
S1-483281264,us,5,25,3,2,False
S1-953665805,us,4,25,4,0,True
S1-68953626,us,4,25,4,0,True
S1-379956956,india,7,25,6,1,False
S1-552658307,india,3,25,2,1,False
S1-109319200,india,6,25,6,0,True
S1-543291404,india,4,25,1,3,False
S1-834765297,us,4,25,4,0,True
S1-208973592,us,6,25,6,0,True
S1-52541210,us,3,25,3,0,True
S1-608093705,us,8,25,7,1,False
S1-760271020,us,5,25,5,0,True
S1-625308695,us,5,25,5,0,True
S1-321400092,us,6,25,6,0,True
S1-891676178,india,3,25,3,0,True
S1-174390454,india,4,25,4,0,True
S1-117902162,india,3,25,3,0,True
S1-368357600,india,6,25,5,1,False
S1-69670668,us,5,25,5,0,True
S1-890499789,us,3,25,3,0,True
S1-935968877,india,0,25,0,0,True
S1-928870866,us,7,25,6,1,False
S1-830609519,india,2,25,2,0,True
S1-869758689,us,4,12,4,0,True
S1-266643966,india,3,25,3,0,True
S1-185573169,india,3,25,3,0,True
S1-163438271,us,4,25,4,0,True
S1-345107626,us,4,25,4,0,True
S1-867129763,us,1,25,1,0,True
S1-558772965,us,1,25,1,0,True
S1-805536665,us,3,25,3,0,True
S1-959272256,us,4,25,4,0,True
S1-839067903,us,6,25,5,1,False
S1-437426557,us,2,25,2,0,True
S1-417264639,us,3,25,3,0,True
S1-536948776,us,5,25,3,2,False
S1-373571690,us,2,25,2,0,True
S1-43242803,india,4,25,4,0,True
S1-654395773,us,2,25,2,0,True
S1-599788005,india,5,25,5,0,True
S1-690538628,india,4,25,4,0,True
S1-519870557,india,4,25,4,0,True
S1-800482427,us,4,25,3,1,False
S1-64966742,us,0,25,0,0,True
S1-540257150,us,4,25,4,0,True
S1-677862240,us,2,25,2,0,True
S1-291219991,india,4,25,2,2,False
S1-535787043,us,0,25,0,0,True
S1-190337071,us,2,25,2,0,True
S1-343087276,us,0,25,0,0,True
S1-465331031,us,4,13,4,0,True
S1-951609532,india,1,25,1,0,True
S1-724315493,us,5,21,5,0,True
S1-324847870,us,7,25,6,1,False
S1-521143416,us,3,25,3,0,True
S1-250942341,us,0,25,0,0,True
S1-592498716,us,3,25,3,0,True
S1-262975311,us,3,25,1,2,False
S1-13855693,india,2,25,2,0,True
S1-834788095,us,5,25,5,0,True
S1-880890425,us,8,25,8,0,True
S1-382435344,us,4,25,4,0,True
S1-56483344,us,2,25,2,0,True
S1-699941151,india,6,25,4,2,False
S1-556931472,india,2,25,2,0,True
S1-987000091,us,1,25,1,0,True
S1-623261026,us,3,25,3,0,True
S1-475934373,us,0,25,0,0,True
S1-18341117,us,4,25,3,1,False
S1-902711336,us,5,25,5,0,True
S1-362378520,us,3,25,3,0,True
S1-905507550,us,1,25,1,0,True
S1-778218023,us,2,25,2,0,True
S1-991438503,us,4,25,4,0,True
S1-675501791,india,4,25,3,1,False
S1-455534410,india,3,25,2,1,False
S1-740254254,us,5,25,5,0,True
S1-150821320,india,4,25,2,2,False
S1-746343683,india,5,25,5,0,True
S1-404373285,us,4,12,4,0,True
S1-319623651,us,3,25,3,0,True
S1-617270932,us,0,25,0,0,True
S1-661315962,us,4,25,4,0,True
S1-878933360,india,0,25,0,0,True
S1-233296344,india,2,25,2,0,True
S1-218518704,india,2,25,2,0,True
S1-881273353,us,2,25,1,1,False
S1-286064736,us,3,25,3,0,True
S1-110141944,us,6,25,6,0,True
S1-529148390,india,5,25,5,0,True
S1-409859544,us,7,25,7,0,True
S1-983652708,us,2,25,2,0,True
S1-487281101,india,4,25,4,0,True
S1-444208330,us,5,25,5,0,True
S1-311884968,us,1,25,0,1,False
S1-116687061,india,3,25,3,0,True
S1-378245327,us,5,25,4,1,False
S1-212460801,us,6,25,6,0,True
S1-121781799,us,5,25,5,0,True
S1-552321484,us,3,25,3,0,True
S1-858978488,us,2,25,2,0,True
S1-873588428,us,4,25,4,0,True
S1-491337400,us,4,25,4,0,True
S1-574922107,us,4,25,4,0,True
S1-669609886,india,4,25,4,0,True
S1-334994069,us,3,25,3,0,True
S1-130264484,india,5,25,4,1,False
S1-471497067,india,7,25,4,3,False
S1-267427323,us,3,25,3,0,True
S1-226564818,us,7,25,7,0,True
S1-528590391,india,0,25,0,0,True
S1-660775568,us,4,25,4,0,True
S1-955128132,us,2,25,1,1,False
S1-927150955,us,5,25,5,0,True
S1-170860088,us,4,25,4,0,True
S1-90032658,india,5,25,5,0,True
S1-360871186,india,5,25,5,0,True
S1-966462381,india,2,25,2,0,True
S1-574668375,india,5,25,4,1,False
S1-352234501,us,5,25,5,0,True
S1-599703679,us,4,19,4,0,True
S1-596555182,india,3,25,2,1,False
S1-657091961,us,3,25,3,0,True
S1-628120726,india,0,25,0,0,True
S1-720173062,us,3,25,2,1,False
S1-336308856,india,5,25,5,0,True
S1-691291923,india,1,25,1,0,True
S1-65296733,us,3,25,3,0,True
S1-567262694,india,4,25,4,0,True
S1-431748598,us,4,25,4,0,True
S1-917590063,us,4,18,4,0,True
S1-863641194,us,5,25,5,0,True
S1-113090772,us,3,25,3,0,True
S1-234787807,us,1,25,1,0,True
S1-911488145,us,3,25,3,0,True
S1-55328137,us,3,25,3,0,True
S1-540458030,us,0,25,0,0,True
S1-631152952,us,5,25,5,0,True
S1-985233868,india,3,25,2,1,False
S1-286406115,us,3,25,3,0,True
S1-676648395,india,2,25,2,0,True
S1-620106632,us,2,25,2,0,True
S1-135435811,us,5,25,5,0,True
S1-417074218,india,4,25,3,1,False
S1-248350153,us,3,25,3,0,True
S1-582423036,india,2,25,2,0,True
S1-41217356,us,6,25,6,0,True
S1-607852072,us,5,25,5,0,True
S1-350245409,us,5,25,5,0,True
S1-668624767,us,4,25,4,0,True
S1-298875156,us,2,25,2,0,True
S1-524297749,india,4,25,4,0,True
S1-519482575,india,4,25,4,0,True
S1-11762665,india,4,25,4,0,True
S1-307045007,us,5,25,4,1,False
S1-793615008,india,5,25,5,0,True
S1-985516131,us,4,25,4,0,True
S1-495565221,india,1,25,1,0,True
S1-965828930,us,3,25,2,1,False
S1-554328643,us,3,25,3,0,True
S1-224164495,india,3,25,3,0,True
S1-391842573,us,3,25,2,1,False
S1-755367201,us,1,25,1,0,True
S1-967698579,india,4,25,4,0,True
S1-829983869,india,3,3,3,0,True
S1-512634625,us,5,25,5,0,True
S1-491204002,us,4,25,4,0,True
S1-718013009,india,4,25,4,0,True
S1-783021266,india,5,25,5,0,True
S1-800687701,india,2,25,1,1,False
S1-485950384,us,6,25,6,0,True
S1-91890249,india,7,25,4,3,False
S1-531436692,india,2,25,2,0,True
S1-264663287,us,5,25,5,0,True
S1-557511339,us,4,25,4,0,True
S1-52131287,india,5,25,5,0,True
S1-707030556,india,6,25,6,0,True
S1-673498458,us,3,25,3,0,True
S1-552549808,us,0,25,0,0,True
S1-892508757,us,0,25,0,0,True
S1-423558479,us,4,25,4,0,True
S1-650567604,us,3,15,3,0,True
S1-433871690,india,3,25,1,2,False
S1-461369552,us,3,25,3,0,True
S1-884821612,india,2,25,2,0,True
S1-420073336,us,3,25,3,0,True
S1-722358313,us,0,25,0,0,True
S1-891958084,us,7,25,7,0,True
S1-326704888,us,5,25,5,0,True
S1-906079981,india,3,25,3,0,True
S1-567424927,us,4,25,4,0,True
S1-169648109,india,2,25,2,0,True
S1-55271748,india,2,25,2,0,True
S1-534265138,us,6,25,6,0,True
S1-735419931,us,3,25,3,0,True
S1-46801320,india,2,25,2,0,True
S1-684371604,us,5,25,5,0,True
S1-194887455,us,4,25,4,0,True
S1-217259238,us,5,25,5,0,True
S1-702336597,us,5,25,5,0,True
S1-384388496,india,2,25,2,0,True
S1-775350452,india,3,25,3,0,True
S1-207587850,us,4,25,4,0,True
S1-696143557,india,0,25,0,0,True
S1-40162994,us,4,9,4,0,True
S1-49462470,india,5,25,5,0,True
S1-16609748,us,6,25,6,0,True
S1-537740820,us,1,25,1,0,True
S1-971634037,india,7,25,6,1,False
S1-273767878,us,4,25,4,0,True
S1-546682283,india,3,25,2,1,False
S1-640830255,us,5,25,5,0,True
S1-919267939,india,5,25,3,2,False
S1-901513537,us,5,25,5,0,True
S1-675959550,india,3,25,3,0,True
S1-20091285,india,4,25,3,1,False
S1-665803307,india,5,25,5,0,True
S1-555543655,india,5,16,5,0,True
S1-943879014,india,1,25,1,0,True
S1-114864723,us,5,25,5,0,True
S1-410898799,india,4,25,3,1,False
S1-887285254,us,6,25,6,0,True
S1-96384915,india,4,25,2,2,False
S1-24456369,us,6,25,6,0,True
S1-706061708,india,4,25,4,0,True
S1-402237262,india,8,25,4,4,False
S1-761585587,us,6,25,6,0,True
S1-916755193,us,4,25,3,1,False
S1-472663407,india,3,25,3,0,True
S1-774051355,us,6,17,6,0,True
S1-596431100,us,4,25,4,0,True
S1-238576208,india,2,25,1,1,False
S1-652331096,india,5,25,5,0,True
S1-669413769,india,6,25,5,1,False
S1-409799510,us,5,25,5,0,True
S1-28556782,us,5,25,4,1,False
S1-47869953,india,5,25,5,0,True
S1-410267878,us,3,25,2,1,False
S1-506313987,india,3,25,2,1,False
S1-475750986,india,7,24,6,1,False
S1-549398205,india,3,25,3,0,True
S1-887515590,us,2,25,2,0,True
S1-279971988,us,4,25,4,0,True
S1-520992658,us,3,25,3,0,True
S1-365672071,india,0,25,0,0,True
S1-749745623,us,4,25,4,0,True
S1-311090979,us,5,25,5,0,True
S1-375370928,us,2,25,2,0,True
S1-174416924,india,3,25,1,2,False
S1-940413114,us,4,25,4,0,True
S1-518860674,us,4,25,4,0,True
S1-650239343,india,2,25,2,0,True
S1-308675602,india,4,25,4,0,True
S1-997789034,us,3,25,3,0,True
S1-73518516,us,5,25,5,0,True
S1-594141325,us,2,25,2,0,True
S1-765734254,us,4,25,4,0,True
S1-501560459,india,6,25,6,0,True
S1-908046696,us,3,25,3,0,True
S1-375669649,us,3,25,3,0,True
S1-298019640,us,4,25,4,0,True
S1-877882228,us,5,25,5,0,True
S1-779526307,us,0,25,0,0,True
S1-484893855,india,4,25,4,0,True
S1-451464552,india,4,25,2,2,False
S1-278756630,india,3,25,3,0,True
S1-135208388,us,3,25,3,0,True
S1-615534064,india,1,25,1,0,True
S1-336476210,us,4,25,4,0,True
S1-190623472,us,1,25,1,0,True
S1-907556285,india,2,25,1,1,False
S1-778632723,us,3,25,3,0,True
S1-648136590,us,2,25,2,0,True
S1-222681224,us,7,25,7,0,True
S1-574943722,us,4,25,4,0,True
S1-494937590,us,3,25,2,1,False
S1-761874846,us,4,25,4,0,True
S1-588939036,us,4,25,3,1,False
S1-680779707,india,5,25,4,1,False
S1-392214139,india,3,25,3,0,True
S1-12662811,india,6,25,6,0,True
S1-198728897,us,4,25,4,0,True
S1-645147697,us,7,25,7,0,True
S1-954480619,us,1,25,1,0,True
S1-17573606,india,5,25,3,2,False
S1-881015038,india,2,25,1,1,False
S1-970805269,india,2,25,2,0,True
S1-502391969,india,3,25,3,0,True
S1-211678907,india,3,25,3,0,True
S1-349873839,us,0,25,0,0,True
S1-142514038,india,6,23,6,0,True
S1-184794725,india,6,25,5,1,False
S1-784891372,india,2,25,2,0,True
S1-156869488,us,2,25,2,0,True
S1-984247811,india,4,25,3,1,False
S1-78167364,us,3,25,3,0,True
S1-42643591,india,1,25,1,0,True
S1-705440875,india,3,25,2,1,False
S1-86976512,india,3,25,3,0,True
S1-582307657,us,4,25,4,0,True
S1-390937720,india,4,25,4,0,True
S1-166090639,india,0,25,0,0,True
S1-820854608,india,1,1,1,0,True
S1-862715502,india,3,25,3,0,True
S1-720678863,us,1,25,1,0,True
S1-578641214,india,6,25,6,0,True
S1-327901274,us,2,25,2,0,True
S1-281725882,india,5,25,5,0,True
S1-453268471,us,5,25,5,0,True
S1-558942327,us,3,25,3,0,True
S1-556234994,us,0,25,0,0,True
S1-189218186,india,2,25,2,0,True
S1-493124566,us,4,25,4,0,True
S1-976369483,us,5,25,5,0,True
S1-705961596,india,3,25,3,0,True
S1-567647679,us,3,25,3,0,True
S1-492536604,india,1,25,1,0,True
S1-535461143,us,7,25,6,1,False
S1-856881956,india,3,25,3,0,True
S1-141798354,india,5,25,4,1,False
S1-362880192,us,3,25,3,0,True
S1-355337487,us,2,25,2,0,True
S1-664894259,india,4,25,2,2,False
S1-911537189,us,5,25,5,0,True
S1-6232617,us,5,25,5,0,True
S1-128695268,india,4,25,4,0,True
S1-824906869,india,1,25,0,1,False
S1-74600852,us,4,25,3,1,False
S1-75862106,us,3,25,2,1,False
S1-327405218,india,2,25,2,0,True
S1-671445253,us,3,25,2,1,False
S1-473235417,us,2,25,2,0,True
S1-2092817,us,4,25,4,0,True
S1-797139549,india,6,25,6,0,True
S1-799330644,us,1,25,1,0,True
S1-776568553,india,3,25,1,2,False
S1-596375677,india,4,25,2,2,False
S1-811584019,us,5,25,5,0,True
S1-748730249,india,4,25,4,0,True
S1-559951900,india,4,25,3,1,False
S1-936319885,india,2,25,2,0,True
S1-33355590,us,3,25,3,0,True
S1-779827243,india,1,25,0,1,False
S1-104065800,us,3,25,3,0,True
S1-464105135,us,3,25,3,0,True
S1-910150597,us,5,25,5,0,True
S1-226204700,india,3,25,2,1,False
S1-641842880,us,0,25,0,0,True
S1-153348996,india,4,25,3,1,False
S1-859740925,india,3,13,3,0,True
S1-17779586,us,3,25,3,0,True
S1-52507682,india,6,25,4,2,False
S1-193918319,us,4,25,4,0,True
S1-835419677,us,6,25,6,0,True
S1-542211755,us,6,25,6,0,True
S1-175689426,india,6,25,6,0,True
S1-945360572,india,4,25,4,0,True
S1-24513059,india,4,25,4,0,True
S1-811793890,india,4,25,4,0,True
S1-924467624,us,4,25,3,1,False
S1-548024059,us,1,25,1,0,True
S1-13211519,india,0,25,0,0,True
S1-355360961,us,6,25,5,1,False
S1-571872429,india,2,25,2,0,True
S1-623273818,us,4,25,4,0,True
S1-915362429,india,4,25,4,0,True
S1-202434240,us,4,25,4,0,True
S1-722170008,india,3,25,3,0,True
S1-615666191,india,5,25,4,1,False
S1-686264813,us,3,25,3,0,True
S1-693154681,us,3,25,3,0,True
S1-317420934,india,0,25,0,0,True
S1-316932948,india,3,25,3,0,True
S1-798970125,us,2,17,2,0,True
S1-223974265,us,6,25,6,0,True
S1-600309700,india,5,25,4,1,False
S1-322494711,us,1,25,1,0,True
S1-137682774,us,6,25,6,0,True
S1-763279630,india,7,25,7,0,True
S1-928564604,india,3,25,2,1,False
S1-8092452,us,2,25,2,0,True
S1-955594204,india,4,25,3,1,False
S1-481586703,us,2,25,2,0,True
S1-203404916,us,1,25,1,0,True
S1-677741106,india,8,21,7,1,False
S1-207538428,us,1,25,1,0,True
S1-347171620,us,5,25,5,0,True
S1-752838534,us,1,25,1,0,True
S1-410474103,india,2,25,2,0,True
S1-804257536,india,4,25,4,0,True
S1-327370768,india,2,25,2,0,True
S1-125472274,india,9,25,9,0,True
S1-992953434,us,0,25,0,0,True
S1-371172253,india,2,25,2,0,True
S1-67551885,us,3,25,3,0,True
S1-410040347,us,3,25,3,0,True
S1-306354356,us,3,25,3,0,True
S1-418896338,us,4,25,4,0,True
S1-958577120,india,4,25,4,0,True
S1-833798119,us,8,25,8,0,True
S1-662196575,india,2,25,2,0,True
S1-687832145,us,3,25,3,0,True
S1-368348061,us,6,6,5,1,False
S1-102091173,us,6,25,6,0,True
S1-75627448,us,6,25,6,0,True
S1-648894561,india,5,25,3,2,False
S1-760758927,us,4,25,4,0,True
S1-212282653,us,3,25,3,0,True
S1-681609211,india,6,25,6,0,True
S1-106011786,us,3,25,3,0,True
S1-928237806,us,2,25,2,0,True
S1-701003373,us,4,25,4,0,True
S1-462035659,us,4,25,4,0,True
S1-662343149,us,2,25,1,1,False
S1-629980998,us,3,25,3,0,True
S1-988009600,india,1,25,1,0,True
S1-265938918,us,2,25,1,1,False
S1-349027619,us,3,25,3,0,True
S1-886434037,india,4,25,4,0,True
S1-940946868,us,6,25,6,0,True
S1-416469670,india,3,25,2,1,False
S1-63638088,us,4,25,4,0,True
S1-509332273,india,3,25,2,1,False
S1-269442618,india,5,25,3,2,False
S1-499892148,us,3,25,2,1,False
S1-666553695,india,4,25,4,0,True
S1-641579109,india,3,25,1,2,False
S1-492785431,us,4,25,4,0,True
S1-121300600,us,4,25,3,1,False
S1-409451774,us,3,25,3,0,True
S1-916773322,us,4,25,4,0,True
S1-494967235,india,2,25,2,0,True
S1-62329201,us,5,25,4,1,False
S1-338840619,us,5,25,4,1,False
S1-986863583,us,2,25,2,0,True
S1-460845609,us,2,25,2,0,True
S1-836401682,us,6,25,6,0,True
S1-709080642,india,2,25,2,0,True
S1-960605766,india,4,25,4,0,True
S1-848917857,us,2,25,2,0,True
S1-69232284,us,2,14,2,0,True
S1-3732976,us,2,25,2,0,True
S1-998949892,us,5,25,5,0,True
S1-972967205,india,5,25,5,0,True
S1-942584485,us,4,20,4,0,True
S1-684505968,india,3,25,3,0,True
S1-639012333,us,0,25,0,0,True
S1-385036477,us,3,25,2,1,False
S1-672054428,india,0,25,0,0,True
S1-52959380,us,4,25,4,0,True
S1-181306265,us,4,25,4,0,True
S1-121839562,us,7,25,7,0,True
S1-78797388,us,3,25,3,0,True
S1-399242844,india,1,25,1,0,True
S1-712689085,us,3,25,3,0,True
S1-327553650,us,4,25,4,0,True
S1-739032625,us,3,25,3,0,True
S1-935703127,us,4,25,4,0,True
S1-82053739,india,2,25,2,0,True
S1-356319224,us,4,25,3,1,False
S1-372903225,india,5,25,5,0,True
S1-158306158,us,1,25,1,0,True
S1-507894970,us,6,25,6,0,True
S1-350053232,india,3,25,3,0,True
S1-460833036,india,4,25,4,0,True
S1-979860618,us,5,25,5,0,True
S1-11008242,us,2,25,2,0,True
S1-479783161,us,5,25,4,1,False
S1-899309274,us,0,25,0,0,True
S1-548281154,us,4,25,4,0,True
S1-694532506,india,3,25,3,0,True
S1-580205927,india,5,25,4,1,False
S1-507301758,us,3,25,3,0,True
S1-767833721,us,3,25,3,0,True
S1-747229206,india,4,25,2,2,False
S1-235827905,india,5,25,2,3,False
S1-63620147,us,2,25,1,1,False
S1-666876590,india,5,25,3,2,False
S1-419243203,us,2,25,2,0,True
S1-263994317,us,3,25,3,0,True
S1-388246740,us,0,25,0,0,True
S1-509283665,us,5,25,5,0,True
S1-73905239,india,5,25,4,1,False
S1-918742892,us,3,25,3,0,True
S1-512288351,india,6,25,6,0,True
S1-766392501,india,4,25,2,2,False
S1-308280368,us,4,25,4,0,True
S1-344973282,us,6,25,6,0,True
S1-771350895,india,5,25,5,0,True
S1-340745284,us,3,25,3,0,True
S1-601964566,india,0,25,0,0,True
S1-6504827,us,6,25,6,0,True
S1-690582233,us,3,25,3,0,True
S1-227395368,us,5,25,4,1,False
S1-312174524,us,4,25,4,0,True
S1-78396716,india,6,25,4,2,False
S1-359794131,us,4,25,4,0,True
S1-995572998,india,5,25,4,1,False
S1-125210246,india,4,25,4,0,True
S1-652273019,us,5,25,4,1,False
S1-666435696,us,5,25,4,1,False
S1-925471453,india,5,25,4,1,False
S1-501296085,india,3,25,3,0,True
S1-806442558,us,6,25,6,0,True
S1-576857452,india,6,25,6,0,True
S1-48241570,india,3,25,1,2,False
S1-850983521,us,2,25,2,0,True
S1-169326669,india,0,25,0,0,True
S1-984636983,us,2,25,2,0,True
S1-1727907,india,5,25,4,1,False
S1-805255952,india,4,25,4,0,True
S1-547547561,india,3,25,3,0,True
S1-170960991,india,5,25,5,0,True
S1-720206442,us,6,7,5,1,False
S1-380738770,india,3,25,1,2,False
S1-900945148,us,3,17,3,0,True
S1-293933423,us,3,25,3,0,True
S1-694879293,us,6,25,6,0,True
S1-317981351,us,3,25,3,0,True
S1-620608935,us,4,25,4,0,True
S1-754570857,us,5,25,5,0,True
S1-81900846,us,0,25,0,0,True
S1-351025388,us,2,25,2,0,True
S1-93185066,us,3,25,3,0,True
S1-920261331,us,6,25,6,0,True
S1-439730777,india,5,25,2,3,False
S1-440023753,us,5,25,5,0,True
S1-99616032,us,4,25,4,0,True
S1-874041790,india,5,25,5,0,True
S1-929826833,us,3,25,3,0,True
S1-704479363,us,4,25,3,1,False
S1-451116961,us,2,25,2,0,True
S1-521034509,us,3,25,3,0,True
S1-160103007,us,2,25,2,0,True
S1-366329737,india,3,25,2,1,False
S1-426712787,us,3,25,3,0,True
S1-143671838,india,4,25,4,0,True
S1-358447941,us,5,25,5,0,True
S1-860641883,india,3,25,2,1,False
S1-858190944,us,4,25,4,0,True
S1-367817606,us,4,25,4,0,True
S1-34692942,india,2,25,2,0,True
S1-549456614,india,3,25,3,0,True
S1-596007326,india,5,25,4,1,False
S1-20023045,us,3,25,3,0,True
S1-584055831,india,7,25,7,0,True
S1-695737678,us,2,25,2,0,True
S1-238511000,us,5,25,5,0,True
S1-397081662,us,3,25,3,0,True
S1-672296545,us,5,25,4,1,False
S1-241678218,india,6,25,5,1,False
S1-609653903,us,4,25,4,0,True
S1-872302647,us,7,25,6,1,False
S1-454760542,us,0,25,0,0,True
S1-930015613,india,3,25,3,0,True
S1-523035722,us,4,25,4,0,True
S1-430467301,us,3,13,3,0,True
S1-324674388,us,4,25,4,0,True
S1-583341853,india,4,25,4,0,True
S1-656987935,us,4,25,3,1,False
S1-305440895,india,5,25,5,0,True
S1-72252837,us,2,25,2,0,True
S1-882796400,india,5,25,5,0,True
S1-332346191,us,3,25,3,0,True
S1-670025586,india,5,25,5,0,True
S1-472232440,us,4,25,4,0,True
S1-44019475,india,0,25,0,0,True
S1-83174643,india,3,25,3,0,True
S1-199433633,us,3,25,3,0,True
S1-119164918,india,3,25,1,2,False
S1-418423816,us,5,25,5,0,True
S1-874682146,india,4,25,3,1,False
S1-951970212,us,2,25,2,0,True
S1-895337107,us,5,25,5,0,True
S1-918838609,us,1,25,1,0,True
S1-819659366,us,7,25,7,0,True
S1-391697975,india,1,25,1,0,True
S1-4989757,us,4,25,4,0,True
S1-104104759,us,6,25,5,1,False
S1-107913416,us,3,20,3,0,True
S1-218685314,india,0,25,0,0,True
S1-14825773,india,5,25,5,0,True
S1-56629354,india,3,25,2,1,False
S1-495246557,us,2,25,2,0,True
S1-423126373,india,4,25,4,0,True
S1-900870097,india,5,25,5,0,True
S1-209032763,india,1,25,1,0,True
S1-140882270,us,4,25,4,0,True
S1-618570184,us,4,25,4,0,True
S1-945793047,india,2,25,2,0,True
S1-525614905,us,3,25,3,0,True
S1-208793878,us,3,25,3,0,True
S1-768191150,us,0,25,0,0,True
S1-995078395,india,3,25,3,0,True
S1-297343387,us,5,25,5,0,True
S1-402426509,us,0,25,0,0,True
S1-597776332,us,5,25,5,0,True
S1-552720726,india,3,25,3,0,True
S1-391659390,us,1,25,1,0,True
S1-791155002,india,5,25,5,0,True
S1-988533428,india,4,25,4,0,True
S1-373405845,india,5,25,3,2,False
S1-232086511,india,3,6,3,0,True
S1-571355356,us,3,25,3,0,True
S1-242195439,india,5,25,5,0,True
S1-323228137,us,1,25,1,0,True
S1-14738221,us,3,25,3,0,True
S1-783210230,us,4,25,4,0,True
S1-409209761,india,6,25,6,0,True
S1-830412925,us,7,25,7,0,True
S1-987994833,india,2,25,2,0,True
S1-778881245,india,3,25,3,0,True
S1-987116071,us,2,25,2,0,True
S1-706856946,us,5,25,5,0,True
S1-513223898,india,4,25,2,2,False
S1-629636563,india,4,25,3,1,False
S1-530687623,us,3,25,3,0,True
S1-965361244,india,2,25,2,0,True
S1-584442364,india,2,25,2,0,True
S1-102881886,us,5,25,4,1,False
S1-632812909,india,5,25,5,0,True
S1-493177664,india,2,25,2,0,True
S1-484133102,us,2,25,2,0,True
S1-73734420,us,6,25,6,0,True
S1-876256279,india,2,25,2,0,True
S1-748942318,india,5,25,4,1,False
S1-551363317,us,4,25,4,0,True
S1-625041866,us,0,25,0,0,True
S1-198174393,us,5,25,5,0,True
S1-289477063,us,2,25,2,0,True
S1-112377984,india,5,25,5,0,True
S1-599820534,india,3,25,3,0,True
S1-418655393,us,3,25,3,0,True
S1-581156957,india,4,25,4,0,True
S1-439413861,india,3,25,3,0,True
S1-109461302,india,3,12,3,0,True
S1-362007759,india,3,25,3,0,True
S1-849045331,us,5,25,5,0,True
S1-173339872,us,5,25,5,0,True
S1-409097297,us,4,25,4,0,True
S1-621488405,india,5,25,5,0,True
S1-162399024,us,7,25,7,0,True
S1-434744980,india,3,25,3,0,True
S1-780690767,us,4,25,4,0,True
S1-228678189,india,3,25,1,2,False
S1-75881502,us,4,25,4,0,True
S1-572730139,us,2,25,2,0,True
S1-388951829,us,2,25,2,0,True
S1-863284863,india,2,25,2,0,True
S1-657657132,us,3,25,3,0,True
S1-458080098,us,2,25,2,0,True
S1-941443590,india,1,25,1,0,True
S1-354336647,india,2,25,0,2,False
S1-803859993,us,6,25,5,1,False
S1-600462984,us,0,25,0,0,True
S1-930644837,india,2,25,1,1,False
S1-171443606,us,4,25,4,0,True
S1-727394581,us,0,25,0,0,True
S1-862223871,india,3,25,2,1,False
S1-627443733,india,4,25,4,0,True
S1-420936510,india,4,25,4,0,True
S1-25446474,india,3,3,3,0,True
S1-419129929,us,3,25,3,0,True
S1-505869859,india,3,25,3,0,True
S1-457615425,us,8,25,8,0,True
S1-903467626,us,5,25,5,0,True
S1-250510039,india,3,18,2,1,False
S1-359497386,india,4,25,1,3,False
S1-725482440,india,4,25,4,0,True
S1-340481848,us,3,25,3,0,True
S1-238012566,us,4,25,4,0,True
S1-523623802,us,5,25,5,0,True
S1-605858505,us,3,25,3,0,True
S1-643543122,us,5,25,5,0,True
S1-124034271,us,2,25,2,0,True
S1-183232960,us,5,25,5,0,True
S1-895409233,us,5,25,5,0,True
S1-384128644,india,2,25,1,1,False
S1-382072597,india,2,25,2,0,True
S1-468339122,us,1,25,1,0,True
S1-612071387,us,7,25,7,0,True
S1-970207960,india,5,25,5,0,True
S1-309101313,india,7,25,6,1,False
S1-711808948,india,4,25,4,0,True
S1-972508292,india,6,25,6,0,True
S1-285766850,india,5,25,4,1,False
S1-118036223,us,4,25,4,0,True
S1-222806068,india,6,25,5,1,False
S1-562150790,india,0,25,0,0,True
S1-652564669,us,1,25,1,0,True
S1-269676422,us,4,25,4,0,True
S1-39082718,us,2,25,2,0,True
S1-398052569,india,2,25,2,0,True
S1-781242268,india,2,25,2,0,True
S1-206894799,india,6,25,4,2,False
S1-705393454,us,3,25,3,0,True
S1-130047832,us,3,25,3,0,True
S1-508896438,us,5,25,5,0,True
S1-523240167,india,2,25,1,1,False
S1-570676783,india,4,25,4,0,True
S1-812076174,us,5,25,5,0,True
S1-502344644,india,6,25,6,0,True
S1-946299217,us,3,25,3,0,True
S1-889448973,india,0,25,0,0,True
S1-973414824,us,4,25,4,0,True
S1-143265439,us,6,25,6,0,True
S1-663137551,us,4,25,4,0,True
S1-981327358,us,2,25,2,0,True
S1-147278478,us,3,25,3,0,True
S1-289936158,india,6,25,6,0,True
S1-151608539,india,3,25,3,0,True
S1-790771894,us,3,25,3,0,True
S1-680585243,us,5,25,5,0,True
S1-8000604,india,4,25,4,0,True
S1-236993845,india,4,25,4,0,True
S1-411964161,us,3,25,3,0,True
S1-756304055,india,2,25,1,1,False
S1-384152983,us,3,25,3,0,True
S1-772324975,us,4,25,3,1,False
S1-110602510,india,2,25,1,1,False
S1-915917021,india,4,25,4,0,True
S1-185338284,india,2,25,2,0,True
S1-626922669,india,3,25,3,0,True
S1-377101770,us,4,25,4,0,True
S1-920297646,us,0,25,0,0,True
S1-761286259,us,5,25,5,0,True
S1-981904067,us,2,25,2,0,True
S1-202909837,us,4,25,4,0,True
S1-300116004,us,7,25,7,0,True
S1-84172548,india,3,25,2,1,False
S1-528102700,us,4,25,4,0,True
S1-237670057,india,3,25,1,2,False
S1-846836305,india,5,25,5,0,True
S1-749833591,us,3,25,3,0,True
S1-83914216,india,4,25,4,0,True
S1-937066551,us,4,25,4,0,True
S1-947513822,us,2,25,2,0,True
S1-98065022,india,6,25,5,1,False
S1-795631320,india,4,25,2,2,False
S1-639708214,us,4,25,4,0,True
S1-752939701,us,4,25,4,0,True
S1-357864385,us,3,25,3,0,True
S1-606725408,india,4,25,2,2,False
S1-749185751,india,2,25,2,0,True
S1-502049068,us,3,25,3,0,True
S1-610266870,india,4,25,2,2,False
S1-889296005,us,4,25,4,0,True
S1-873852360,india,5,25,5,0,True
S1-199429633,us,0,25,0,0,True
S1-852951897,india,5,25,5,0,True
S1-694085192,us,5,25,5,0,True
S1-277072715,india,2,25,1,1,False
S1-429691516,india,5,25,5,0,True
S1-327225619,us,2,25,1,1,False
S1-246963651,us,7,25,7,0,True
S1-332238776,india,3,25,3,0,True
S1-590317213,us,2,25,2,0,True
S1-528145300,us,3,16,3,0,True
S1-510772858,india,2,25,0,2,False
S1-906686327,us,5,25,5,0,True
S1-517915853,us,4,25,4,0,True
S1-81469251,us,6,25,6,0,True
S1-859807445,india,0,25,0,0,True
S1-93053516,us,4,25,4,0,True
S1-78078135,us,3,25,3,0,True
S1-576153543,india,4,25,4,0,True
S1-148678669,us,2,25,2,0,True
S1-177844289,us,2,25,2,0,True
S1-622939145,us,0,9,0,0,True
S1-924136701,us,3,25,3,0,True
S1-458076403,india,1,25,1,0,True
S1-366279397,india,3,25,3,0,True
S1-528564226,us,4,25,4,0,True
S1-784866179,india,4,25,3,1,False
S1-981091224,us,3,25,3,0,True
S1-661173194,india,3,25,3,0,True
S1-848003599,us,4,25,4,0,True
S1-311931834,us,2,25,2,0,True
S1-20267366,us,0,25,0,0,True
S1-222587463,us,5,25,5,0,True
S1-399389416,us,4,25,4,0,True
S1-800529624,us,0,25,0,0,True
S1-28577691,us,2,25,2,0,True
S1-80059466,india,3,6,3,0,True
S1-543819559,us,5,25,5,0,True
S1-430014506,us,4,25,4,0,True
S1-72935581,us,4,25,4,0,True
S1-640963226,india,6,25,2,4,False
S1-692096873,us,5,25,5,0,True
S1-199459184,india,5,25,4,1,False
S1-742199402,us,3,25,3,0,True
S1-545661875,india,3,25,3,0,True
S1-943911835,india,6,25,6,0,True
S1-820935401,india,5,25,5,0,True
S1-371279768,us,2,25,2,0,True
S1-786170207,us,4,25,3,1,False
S1-164072881,us,2,25,2,0,True
S1-272862947,india,2,25,1,1,False
S1-457922425,india,3,25,3,0,True
S1-758560267,us,4,25,4,0,True
S1-622241555,india,1,25,0,1,False
S1-93708993,us,0,25,0,0,True
S1-945115789,india,6,25,6,0,True
S1-990224592,us,5,25,5,0,True
S1-16642923,india,5,25,5,0,True
S1-66101502,us,3,25,3,0,True
S1-946221985,us,4,25,4,0,True
S1-619173831,india,3,25,3,0,True
S1-870704351,us,2,25,2,0,True
S1-49032225,india,0,25,0,0,True
S1-302092482,us,5,10,5,0,True
S1-188302195,us,3,25,3,0,True
S1-855043859,us,4,25,4,0,True
S1-220453919,us,2,25,2,0,True
S1-992675855,us,7,25,6,1,False
S1-116737194,us,4,25,4,0,True
S1-829987371,us,6,25,6,0,True
S1-18726359,us,4,25,4,0,True
S1-888224418,us,1,25,1,0,True
S1-615455408,us,6,25,6,0,True
S1-611979795,india,2,25,1,1,False
S1-896330803,us,2,25,2,0,True
S1-557122184,india,5,25,5,0,True
S1-863833082,us,3,25,2,1,False
S1-904900990,india,1,25,1,0,True
S1-432351164,us,5,25,5,0,True
S1-968308125,india,3,25,2,1,False
S1-812553864,india,7,25,6,1,False
S1-849052876,us,4,25,4,0,True
S1-994039959,us,4,25,4,0,True
S1-913982291,us,2,25,2,0,True
S1-185120420,india,6,25,6,0,True
S1-142515068,us,0,25,0,0,True
S1-436640256,us,5,25,5,0,True
S1-14671216,india,0,25,0,0,True
S1-485052187,india,1,25,1,0,True
S1-531702299,india,4,25,3,1,False
S1-67628861,india,4,25,4,0,True
S1-467800339,india,4,25,3,1,False
S1-178742485,us,3,25,3,0,True
S1-401202131,india,3,25,3,0,True
S1-137026686,us,1,25,1,0,True
S1-181752042,us,4,25,4,0,True
S1-156107132,us,4,25,4,0,True
S1-221384458,india,3,25,2,1,False
S1-340929942,us,5,25,4,1,False
S1-647059934,us,3,25,3,0,True
S1-55679373,india,5,25,5,0,True
S1-122492157,us,2,12,2,0,True
S1-304476315,india,1,25,0,1,False
S1-527378599,us,2,25,2,0,True
S1-536638885,india,4,25,3,1,False
S1-762169586,us,4,25,4,0,True
S1-913306799,us,4,25,4,0,True
S1-495348398,us,4,25,4,0,True
S1-430842276,india,7,25,4,3,False
S1-337342340,us,3,25,3,0,True
S1-481994813,india,2,25,2,0,True
S1-653120802,us,3,25,3,0,True
S1-239070338,india,2,25,1,1,False
S1-589067925,india,4,25,1,3,False
S1-636127789,us,1,25,1,0,True
S1-801645099,india,4,25,4,0,True
S1-520467098,us,5,25,5,0,True
S1-796024407,us,2,25,2,0,True
S1-871383897,us,3,25,3,0,True
S1-198832266,us,0,25,0,0,True
S1-314540974,us,3,25,3,0,True
S1-396759763,us,0,25,0,0,True
S1-504285887,india,2,25,1,1,False
S1-691021205,us,4,25,4,0,True
S1-366969181,india,3,25,3,0,True
S1-132568685,us,0,25,0,0,True
S1-757199197,us,2,25,2,0,True
S1-868349363,india,3,25,0,3,False
S1-834751356,us,3,25,3,0,True
S1-514155563,us,5,25,5,0,True
S1-902269591,india,4,25,4,0,True
S1-883829621,india,5,25,5,0,True
S1-511561869,india,5,25,5,0,True
S1-954886409,us,2,25,2,0,True
S1-709742992,india,1,25,1,0,True
S1-44244376,us,0,25,0,0,True
S1-970879476,us,4,25,4,0,True
S1-599145787,india,4,25,4,0,True
S1-911663813,india,2,25,0,2,False
S1-985119931,us,4,25,4,0,True
S1-401942506,india,0,25,0,0,True
S1-8813651,india,5,25,4,1,False
S1-354705482,us,2,25,2,0,True
S1-766697297,us,5,25,5,0,True
S1-245014023,us,3,2,2,1,False
S1-11494983,us,6,25,6,0,True
S1-566297148,us,3,25,3,0,True
S1-761888543,india,4,11,4,0,True
S1-908551239,india,6,25,2,4,False
S1-808835688,us,6,25,6,0,True
S1-674438455,india,5,25,4,1,False
S1-248690018,india,1,25,1,0,True
S1-116081375,us,7,25,7,0,True
S1-513115995,us,2,25,2,0,True
S1-464514986,us,3,25,3,0,True
S1-609323033,us,2,25,2,0,True
S1-175176906,us,3,25,3,0,True
S1-438589761,us,4,25,4,0,True
S1-755478990,us,3,25,3,0,True
S1-481373239,us,0,25,0,0,True
S1-458776971,india,3,25,2,1,False
S1-642101524,us,0,25,0,0,True
S1-468172551,us,1,25,1,0,True
S1-434086049,india,2,25,2,0,True
S1-590285242,us,2,25,2,0,True
S1-942087593,us,3,25,3,0,True
S1-515382913,india,1,25,1,0,True
S1-691890832,us,3,25,3,0,True
S1-738970437,us,4,25,4,0,True
S1-20031068,us,3,25,3,0,True
S1-918043867,india,4,25,4,0,True
S1-337875611,us,5,25,4,1,False
S1-72785829,us,4,25,4,0,True
S1-823070959,india,5,25,4,1,False
S1-324203503,india,3,25,3,0,True
S1-855895108,us,5,25,5,0,True
S1-5421384,us,3,25,2,1,False
S1-350653193,india,2,25,2,0,True
S1-39797197,india,1,25,1,0,True
S1-124208550,us,0,25,0,0,True
S1-800915873,us,5,25,5,0,True
S1-185653319,us,5,25,5,0,True
S1-558262132,india,1,25,1,0,True
S1-686668008,india,7,25,7,0,True
S1-954645867,us,4,25,4,0,True
S1-556312606,us,3,25,2,1,False
S1-458266075,india,5,25,2,3,False
S1-168226168,india,3,25,3,0,True
S1-126331601,us,5,25,5,0,True
S1-147000443,india,0,25,0,0,True
S1-846529766,us,3,25,3,0,True
S1-91063734,india,5,25,5,0,True
S1-716442915,us,3,25,2,1,False
S1-91116287,india,0,25,0,0,True
S1-460184656,us,3,25,2,1,False
S1-209240929,us,2,25,2,0,True
S1-299344362,us,8,25,8,0,True
S1-130813878,us,2,25,2,0,True
S1-526403434,us,4,25,4,0,True
S1-5842529,us,3,25,3,0,True
S1-988076802,us,4,25,4,0,True
S1-945468102,us,7,25,7,0,True
S1-107367404,india,3,25,1,2,False
S1-241444667,india,2,25,2,0,True
S1-887193507,india,3,25,3,0,True
S1-828167822,us,2,25,2,0,True
S1-979153386,india,3,25,2,1,False
S1-448582547,us,3,25,3,0,True
S1-300034658,india,3,25,3,0,True
S1-335846790,us,3,25,3,0,True
S1-622374625,india,5,25,2,3,False
S1-804737474,us,3,25,2,1,False
S1-106766409,india,2,25,2,0,True
S1-808118645,us,2,25,2,0,True
S1-557729317,us,0,1,0,0,True
S1-735663405,us,2,25,2,0,True
S1-543127091,us,5,25,2,3,False
S1-583547492,us,2,25,2,0,True
S1-332184455,us,6,25,6,0,True
S1-32757469,us,2,25,2,0,True
S1-893983413,india,3,25,3,0,True
S1-327377768,india,0,25,0,0,True
S1-260260547,us,3,25,3,0,True
S1-846028981,us,4,25,4,0,True
S1-4217359,india,4,25,4,0,True
S1-625772184,india,3,25,3,0,True
S1-619068107,us,1,25,1,0,True
S1-635349757,us,0,25,0,0,True
S1-728279157,us,0,25,0,0,True
S1-817802155,us,3,25,3,0,True
S1-590815515,india,2,25,2,0,True
S1-71714945,us,4,25,4,0,True
S1-677886228,india,4,25,4,0,True
S1-215335896,india,2,25,1,1,False
S1-537478269,us,2,25,2,0,True
S1-955273885,us,0,25,0,0,True
S1-993662167,india,4,25,4,0,True
S1-789426544,us,3,25,3,0,True
S1-122907961,us,3,25,3,0,True
S1-476831471,us,5,25,5,0,True
S1-750073611,us,3,10,3,0,True
S1-395813861,india,3,25,3,0,True
S1-144979450,india,4,25,4,0,True
S1-650704989,india,1,25,1,0,True
S1-865597381,us,2,25,2,0,True
S1-591079835,us,3,25,3,0,True
S1-909842346,india,5,25,5,0,True
S1-394832400,us,4,25,4,0,True
S1-160619570,us,0,25,0,0,True
S1-236295728,us,2,25,2,0,True
S1-235705784,us,1,25,1,0,True
S1-299640596,us,4,6,4,0,True
S1-240055457,india,2,25,1,1,False
S1-38072697,us,3,25,3,0,True
S1-193364530,us,2,25,2,0,True
S1-70365948,us,5,25,5,0,True
S1-758535367,us,2,25,2,0,True
S1-106221717,india,4,25,4,0,True
S1-886782907,us,1,25,1,0,True
S1-895771779,us,3,25,3,0,True
S1-989125871,us,2,25,2,0,True
S1-142631764,india,4,25,2,2,False
S1-8766085,us,3,25,3,0,True
S1-967086139,us,5,25,4,1,False
S1-209962563,india,3,25,2,1,False
S1-71846920,us,4,25,4,0,True
S1-976783021,india,4,25,3,1,False
S1-131038804,us,4,25,4,0,True
S1-790391714,us,2,25,2,0,True
S1-703703543,us,3,25,3,0,True
S1-415958408,india,5,25,5,0,True
S1-931228719,india,4,25,1,3,False
S1-641622504,us,0,25,0,0,True
S1-968026177,india,1,25,1,0,True
S1-952620214,us,4,25,4,0,True
S1-191451677,us,3,25,3,0,True
S1-715564797,india,1,25,1,0,True
S1-315431680,us,3,25,3,0,True
S1-477458226,india,1,25,1,0,True
S1-182297791,india,4,25,4,0,True
S1-252242682,us,5,25,5,0,True
S1-73403082,india,5,25,5,0,True
S1-899064578,us,2,25,2,0,True
S1-934057900,us,2,25,2,0,True
S1-98910320,us,3,25,3,0,True
S1-383119338,india,5,25,5,0,True
S1-23979328,india,4,25,4,0,True
S1-166601186,us,4,25,4,0,True
S1-677712937,india,2,25,2,0,True
S1-276322405,us,2,25,2,0,True
S1-313115959,us,4,25,4,0,True
S1-639180107,india,2,25,2,0,True
S1-758342882,india,5,25,5,0,True
S1-197764110,india,4,25,2,2,False
S1-274896234,india,3,25,2,1,False
S1-832504289,india,4,25,4,0,True
S1-681392030,india,4,25,4,0,True
S1-853053883,us,2,25,2,0,True
S1-807527947,us,3,25,3,0,True
S1-453096104,india,4,25,4,0,True
S1-83210593,india,3,25,3,0,True
S1-47443839,us,3,25,3,0,True
S1-638785454,india,6,25,4,2,False
S1-942890922,us,4,18,4,0,True
S1-614982217,india,5,25,3,2,False
S1-239559399,us,4,25,4,0,True
S1-22305073,us,4,25,4,0,True
S1-66011340,india,2,25,2,0,True
S1-296323848,india,2,25,1,1,False
S1-20679780,india,2,25,1,1,False
S1-87139457,us,4,25,4,0,True
S1-974849189,us,2,25,2,0,True
S1-148709018,india,0,25,0,0,True
S1-618807720,india,3,25,1,2,False
S1-966270825,us,3,25,3,0,True
S1-151163479,us,4,25,4,0,True
S1-426114168,us,4,23,4,0,True
S1-173971969,india,3,25,2,1,False
S1-42620891,us,0,25,0,0,True
S1-637520401,india,6,25,4,2,False
S1-834828540,india,4,25,3,1,False
S1-112583852,india,7,25,7,0,True
S1-301534349,us,4,25,4,0,True
S1-162744257,india,0,25,0,0,True
S1-148803268,us,5,25,5,0,True
S1-510312721,india,6,25,6,0,True
S1-385082068,india,0,25,0,0,True
S1-956930131,us,2,25,2,0,True
S1-627353378,india,3,25,2,1,False
S1-892015074,india,5,25,4,1,False
S1-392902135,india,4,25,4,0,True
S1-850735340,us,1,25,1,0,True
S1-328098485,us,2,25,2,0,True
S1-15326347,india,6,25,6,0,True
S1-479314025,india,3,25,3,0,True
S1-86804153,us,5,25,5,0,True
S1-31013839,us,4,25,4,0,True
S1-919231695,us,6,25,6,0,True
S1-196317991,us,5,25,5,0,True
S1-231271132,india,4,25,4,0,True
S1-620001323,india,2,25,2,0,True
S1-227187617,india,0,25,0,0,True
S1-493944613,us,4,25,4,0,True
S1-831589398,us,4,25,4,0,True
S1-791867209,us,2,25,1,1,False
S1-193524792,us,3,25,3,0,True
S1-905962450,us,0,25,0,0,True
S1-803867952,india,3,25,3,0,True
S1-85500745,us,2,25,2,0,True
S1-27455843,india,4,25,4,0,True
S1-356820551,us,0,25,0,0,True
S1-284295769,india,5,25,5,0,True
S1-766372261,us,4,25,4,0,True
S1-382001550,us,0,25,0,0,True
S1-632767812,india,0,25,0,0,True
S1-760816941,india,2,25,2,0,True
S1-317610576,india,4,25,4,0,True
S1-71612684,us,3,25,3,0,True
S1-189831319,india,3,25,0,3,False
S1-113606541,us,2,25,2,0,True
S1-729860168,us,4,25,4,0,True
S1-481667818,india,0,25,0,0,True
S1-811127142,us,6,25,6,0,True
S1-703289825,us,5,25,5,0,True
S1-617253448,us,5,25,5,0,True
S1-953014080,india,1,25,1,0,True
S1-351910100,us,6,25,6,0,True
S1-51525259,india,0,25,0,0,True
S1-175633133,india,5,25,4,1,False
S1-571376605,india,2,25,2,0,True
S1-933356469,india,2,25,1,1,False
S1-386703703,us,6,14,6,0,True
S1-126920508,india,2,25,0,2,False
S1-553334532,us,2,25,2,0,True
S1-55363775,us,5,25,5,0,True
S1-632463387,india,4,25,4,0,True
S1-562487097,us,3,25,3,0,True
S1-794527744,us,3,25,2,1,False
S1-298890713,india,3,25,3,0,True
S1-279978846,us,2,25,2,0,True
S1-826696794,us,6,25,5,1,False
S1-569442923,india,3,25,3,0,True
S1-749000475,india,1,25,1,0,True
S1-876414429,india,3,25,3,0,True
S1-140574806,us,5,25,5,0,True
S1-899444778,us,5,25,5,0,True
S1-442414081,us,3,25,3,0,True
S1-224202445,india,5,25,5,0,True
S1-352556834,us,2,25,2,0,True
S1-673367190,us,4,25,4,0,True
S1-343732388,india,3,25,3,0,True
S1-72013895,india,3,25,3,0,True
S1-410228098,us,0,25,0,0,True
S1-994258416,us,4,25,4,0,True
S1-691555791,us,1,25,1,0,True
S1-120433302,india,4,25,4,0,True
S1-130890269,india,1,25,1,0,True
S1-673553033,india,3,25,3,0,True
S1-112750665,us,2,25,2,0,True
S1-514423627,us,6,25,6,0,True
S1-978947873,india,5,25,1,4,False
S1-723275887,india,3,25,3,0,True
S1-701892935,us,2,6,2,0,True
S1-354809838,us,7,25,7,0,True
S1-286061787,us,6,25,6,0,True
S1-20306842,india,4,25,3,1,False
S1-737991030,india,6,25,6,0,True
S1-577151106,us,4,25,4,0,True
S1-967399132,us,5,25,5,0,True
S1-4024559,us,3,25,3,0,True
S1-716831720,india,5,25,4,1,False
S1-678250778,india,4,25,4,0,True
S1-186737681,us,4,25,4,0,True
S1-839917608,us,3,25,2,1,False
S1-795245610,us,4,25,3,1,False
S1-558129390,us,6,25,6,0,True
S1-183433043,us,1,25,1,0,True
S1-118901869,us,1,25,1,0,True
S1-441593499,us,5,25,5,0,True
S1-686610815,us,4,25,2,2,False
S1-697463198,india,3,25,3,0,True
S1-29661695,us,5,25,5,0,True
S1-252644636,india,4,25,3,1,False
S1-479915851,us,3,25,3,0,True
S1-827663947,india,4,25,4,0,True
S1-146406369,india,4,25,2,2,False
S1-589253257,india,6,25,3,3,False
S1-182350424,us,3,25,3,0,True
S1-85359133,us,3,25,3,0,True
S1-478267847,us,8,25,8,0,True
S1-277283988,us,6,25,6,0,True
S1-628335222,india,2,25,1,1,False
S1-991796165,us,3,25,3,0,True
S1-511355563,india,5,25,1,4,False
S1-869118709,india,2,25,1,1,False
S1-184673022,india,0,25,0,0,True
S1-585532131,india,7,25,3,4,False
S1-365310135,us,6,25,6,0,True
S1-593436824,us,6,25,6,0,True
S1-737171527,india,2,25,2,0,True
S1-452823079,us,3,25,3,0,True
S1-612217752,us,2,25,2,0,True
S1-87922685,india,3,25,3,0,True
S1-149848357,india,3,25,3,0,True
S1-348647076,us,6,25,6,0,True
S1-53933830,us,0,25,0,0,True
S1-207259588,india,3,7,3,0,True
S1-984312810,us,4,25,3,1,False
S1-166125958,us,0,25,0,0,True
S1-960413063,india,6,25,6,0,True
S1-95503899,india,5,25,3,2,False
S1-953369117,india,4,25,4,0,True
S1-223097022,us,5,25,5,0,True
S1-658336143,india,3,25,2,1,False
S1-864085570,india,4,25,2,2,False
S1-893318925,us,3,25,3,0,True
S1-275767880,india,5,25,5,0,True
S1-862338675,us,3,25,2,1,False
S1-973703483,us,3,25,3,0,True
S1-925443249,india,3,25,3,0,True
S1-622515318,india,2,25,1,1,False
S1-128207618,us,3,25,3,0,True
S1-235360444,us,4,25,4,0,True
S1-639870547,us,2,25,2,0,True
S1-231101064,us,2,25,2,0,True
S1-711682948,us,5,25,5,0,True
S1-771609668,india,3,25,3,0,True
S1-465376969,india,2,25,1,1,False
S1-713599256,india,3,25,3,0,True
S1-228393799,us,0,25,0,0,True
S1-294124151,us,3,25,3,0,True
S1-697294833,india,2,25,1,1,False
S1-148758725,india,0,25,0,0,True
S1-878632015,india,5,25,5,0,True
S1-672222074,us,7,25,5,2,False
S1-435587816,us,5,10,5,0,True
S1-635110499,us,3,25,3,0,True
S1-912858680,india,4,25,2,2,False
S1-670226080,india,3,25,3,0,True
S1-546751738,us,5,25,5,0,True
S1-140525226,us,4,25,4,0,True
S1-695579546,us,3,25,3,0,True
S1-998648124,us,2,25,2,0,True
S1-715320849,us,3,25,3,0,True
S1-441985466,us,3,25,3,0,True
S1-142288436,india,5,25,2,3,False
S1-823609361,us,3,25,3,0,True
S1-996212272,us,5,8,5,0,True
S1-823066174,india,5,25,4,1,False
S1-562163221,india,5,25,5,0,True
S1-780331711,us,6,25,5,1,False
S1-802078075,us,4,25,4,0,True
S1-651713662,us,4,25,4,0,True
S1-316169377,india,2,25,2,0,True
S1-926719833,india,3,25,3,0,True
S1-108027852,us,4,25,4,0,True
S1-948549202,us,7,25,7,0,True
S1-396448962,india,4,25,4,0,True
S1-741813500,us,3,25,3,0,True
S1-857215332,us,4,25,4,0,True
S1-588069177,us,8,25,7,1,False
S1-714672596,us,0,25,0,0,True
S1-177380392,india,5,25,5,0,True
S1-249574225,india,5,25,5,0,True
S1-414922041,india,3,25,1,2,False
S1-724291976,us,4,25,4,0,True
S1-621246789,us,4,25,4,0,True
S1-253000788,us,2,25,2,0,True
S1-477162050,india,6,25,6,0,True
S1-848219519,us,2,25,2,0,True
S1-566822758,india,4,25,4,0,True
S1-448808180,india,2,25,1,1,False
S1-182136219,us,3,25,3,0,True
S1-600088932,us,8,25,6,2,False
S1-443337268,us,6,25,6,0,True
S1-723485050,us,2,25,2,0,True
S1-199339248,us,1,25,1,0,True
S1-319952925,us,6,25,6,0,True
S1-580966525,india,6,25,6,0,True
S1-899464369,us,3,25,3,0,True
S1-353027107,india,9,25,9,0,True
S1-293109677,us,6,25,6,0,True
S1-745300796,us,6,25,6,0,True
S1-709888578,india,5,25,5,0,True
S1-528021997,us,6,25,6,0,True
S1-60991785,us,4,25,4,0,True
S1-422280252,india,5,25,5,0,True
S1-844266118,us,4,25,4,0,True
S1-590479623,us,2,25,2,0,True
S1-284710338,india,4,25,3,1,False
S1-765187970,us,4,25,4,0,True
S1-611106612,india,3,25,2,1,False
S1-699955992,us,6,25,6,0,True
S1-632443480,us,3,25,3,0,True
S1-652651286,india,6,25,5,1,False
S1-731133418,us,2,25,2,0,True
S1-527885616,us,3,25,3,0,True
S1-636831324,india,3,25,1,2,False
S1-738128949,india,4,25,3,1,False
S1-170998977,us,6,25,6,0,True
S1-606480359,india,5,25,4,1,False
S1-114380129,us,0,25,0,0,True
S1-444484227,us,3,25,3,0,True
S1-483210751,us,0,25,0,0,True
S1-541486517,india,4,25,4,0,True
S1-90346785,us,3,25,3,0,True
S1-967809379,india,6,25,4,2,False
S1-144718195,us,1,25,1,0,True
S1-640578446,us,5,25,5,0,True
S1-480231687,india,2,25,2,0,True
S1-81975432,india,3,3,0,3,False
S1-995742594,us,3,25,3,0,True
S1-774070269,india,4,25,4,0,True
S1-65412029,india,3,25,3,0,True
S1-733554453,us,4,25,4,0,True
S1-351491429,india,3,25,3,0,True
S1-76214334,india,6,25,5,1,False
S1-556051630,us,3,25,3,0,True
S1-56387917,india,4,25,3,1,False
S1-774794099,us,3,25,3,0,True
S1-861507912,us,2,25,2,0,True
S1-844412430,us,6,25,6,0,True
S1-609758235,india,3,25,3,0,True
S1-994551021,us,6,25,6,0,True
S1-316185490,us,1,25,1,0,True
S1-436523202,india,4,25,4,0,True
S1-866012426,india,2,25,2,0,True
S1-214847276,india,5,17,5,0,True
S1-665355186,india,4,25,4,0,True
S1-686749094,us,5,25,5,0,True
S1-406508866,us,4,25,4,0,True
S1-366459956,us,4,25,3,1,False
S1-945437722,us,2,25,2,0,True
S1-305403960,india,3,25,3,0,True
S1-144913221,india,3,25,3,0,True
S1-339374417,india,6,3,3,3,False
S1-382549381,us,5,25,5,0,True
S1-941287961,india,3,25,3,0,True
S1-335728544,us,5,25,5,0,True
S1-624396370,india,2,25,2,0,True
S1-123406737,india,3,25,2,1,False
S1-299453262,india,3,25,3,0,True
S1-11408993,us,4,25,4,0,True
S1-182662840,us,6,25,6,0,True
S1-519806639,us,4,25,4,0,True
S1-538020889,india,2,25,2,0,True
S1-19053820,us,5,25,5,0,True
S1-771779014,india,5,25,5,0,True
S1-317277042,us,4,25,4,0,True
S1-312473512,us,5,25,5,0,True
S1-469595223,us,0,25,0,0,True
S1-499566732,india,3,25,3,0,True
S1-70911786,us,5,25,5,0,True
S1-364282301,us,4,25,4,0,True
S1-682186084,us,4,25,4,0,True
S1-731277614,us,4,25,3,1,False
S1-731917928,us,1,25,1,0,True
S1-424170762,us,5,25,5,0,True
S1-5864747,us,5,25,5,0,True
S1-13859063,india,5,25,5,0,True
S1-6344565,us,3,25,3,0,True
S1-443945207,india,2,25,2,0,True
S1-982314400,us,4,25,4,0,True
S1-863881054,india,5,25,5,0,True
S1-677544297,us,4,25,4,0,True
S1-999894380,us,4,25,4,0,True
S1-863361456,us,3,25,3,0,True
S1-811924796,us,1,25,1,0,True
S1-148958598,us,6,25,6,0,True
S1-320092458,us,3,25,3,0,True
S1-655715556,india,2,25,1,1,False
S1-706274174,india,3,25,1,2,False
S1-821523654,us,8,25,7,1,False
S1-840218727,us,6,25,6,0,True
S1-438409093,india,1,25,1,0,True
S1-565844497,us,4,25,4,0,True
S1-820751255,us,6,6,6,0,True
S1-117866925,us,5,25,5,0,True
S1-337664430,us,6,25,5,1,False
S1-585509512,india,1,25,1,0,True
S1-180523534,us,0,25,0,0,True
S1-361268532,india,2,25,2,0,True
S1-7733888,india,4,25,4,0,True
S1-369632481,us,5,25,5,0,True
S1-653229989,india,3,25,2,1,False
S1-525813963,us,5,25,5,0,True
S1-884849325,us,7,25,7,0,True
S1-881770296,us,4,25,3,1,False
S1-127549868,us,3,25,3,0,True
S1-152287749,india,6,25,6,0,True
S1-556204321,us,5,25,5,0,True
S1-29448070,us,3,25,3,0,True
S1-965555167,us,0,25,0,0,True
S1-853392573,us,2,25,2,0,True
S1-104662239,us,5,25,5,0,True
S1-390812473,india,3,25,2,1,False
S1-837908386,us,5,25,5,0,True
S1-431840041,india,1,25,1,0,True
S1-591365175,us,3,25,3,0,True
S1-481932363,us,4,25,4,0,True
S1-804433939,us,3,25,3,0,True
S1-481394893,us,5,25,5,0,True
S1-184229550,india,3,25,3,0,True
S1-762958682,india,3,25,3,0,True
S1-259962445,us,4,25,4,0,True
S1-964576684,us,3,25,3,0,True
S1-466794996,us,4,25,4,0,True
S1-406502736,india,2,25,1,1,False
S1-632113915,india,5,25,4,1,False
S1-946744214,india,3,25,3,0,True
S1-206627523,india,3,25,3,0,True
S1-722883348,us,2,25,2,0,True
S1-786529142,us,3,25,3,0,True
S1-71689462,us,5,25,4,1,False
S1-379377275,india,3,25,3,0,True
S1-128592865,us,4,25,4,0,True
S1-747799453,india,2,25,2,0,True
S1-868551153,us,3,25,3,0,True
S1-265007680,india,3,25,3,0,True
S1-585293112,us,3,25,3,0,True
S1-172827773,india,6,25,6,0,True
S1-81031831,india,5,25,5,0,True
S1-270609465,us,6,25,6,0,True
S1-274090278,india,2,25,0,2,False
S1-881502950,india,6,25,4,2,False
S1-37630161,us,4,25,4,0,True
S1-101045753,us,2,25,2,0,True
S1-281051556,us,5,25,4,1,False
S1-732503665,us,4,25,4,0,True
S1-832079937,us,6,25,6,0,True
S1-499302167,india,8,25,5,3,False
S1-172454778,us,2,25,2,0,True
S1-108750594,india,1,25,1,0,True
S1-341137832,us,4,25,4,0,True
S1-989439466,us,4,25,4,0,True
S1-147569934,us,0,25,0,0,True
S1-145733157,us,7,25,7,0,True
S1-571827345,us,2,25,2,0,True
S1-89687386,us,2,25,2,0,True
S1-82591612,india,3,25,3,0,True
S1-751295948,us,2,25,2,0,True
S1-128148852,us,0,25,0,0,True
S1-161638253,india,4,25,4,0,True
S1-378546251,india,3,25,2,1,False
S1-41619373,india,3,25,3,0,True
S1-499249421,us,3,25,2,1,False
S1-74338892,india,2,25,0,2,False
S1-993226934,india,2,25,2,0,True
S1-344907589,india,3,25,3,0,True
S1-990319941,us,0,25,0,0,True
S1-130377203,us,2,25,2,0,True
S1-748369350,us,4,25,4,0,True
S1-310017139,us,1,25,1,0,True
S1-828424356,india,4,25,4,0,True
S1-502275537,india,3,25,3,0,True
S1-582550646,us,2,25,2,0,True
S1-925963163,us,4,25,4,0,True
S1-12041665,india,5,25,5,0,True
S1-933814404,us,5,25,5,0,True
S1-187614953,us,5,25,5,0,True
S1-385823757,india,4,25,4,0,True
S1-111673633,india,2,25,2,0,True
S1-862191137,us,3,25,3,0,True
S1-762326721,us,4,25,4,0,True
S1-165368525,us,3,25,3,0,True
S1-346929118,india,3,25,3,0,True
S1-380580331,india,3,25,3,0,True
S1-829049305,us,2,25,2,0,True
S1-454111437,india,4,25,4,0,True
S1-535729154,us,7,25,5,2,False
S1-544515663,india,3,25,3,0,True
S1-560649724,us,2,25,2,0,True
S1-387424759,india,2,25,2,0,True
S1-241742700,us,3,25,3,0,True
S1-367793476,india,4,25,2,2,False
S1-474755359,india,3,25,3,0,True
S1-325873958,us,3,25,3,0,True
S1-636418528,us,3,25,3,0,True
S1-707760473,us,5,25,4,1,False
S1-431387492,us,4,25,4,0,True
S1-872627167,india,5,25,5,0,True
S1-15005997,us,6,25,6,0,True
S1-943874235,india,1,25,0,1,False
S1-377738401,us,3,25,3,0,True
S1-737651716,us,2,25,2,0,True
S1-332254958,us,5,25,5,0,True
S1-924830758,india,2,25,2,0,True
S1-456709533,us,0,25,0,0,True
S1-154857097,india,4,25,3,1,False
S1-751608780,us,6,25,6,0,True
S1-609880827,india,4,25,4,0,True
S1-832047138,us,7,25,7,0,True
S1-84556007,us,2,25,2,0,True
S1-149302771,us,3,25,3,0,True
S1-582702190,us,3,25,3,0,True
S1-620179786,us,4,25,4,0,True
S1-691663442,us,7,25,7,0,True
S1-435229220,us,2,25,1,1,False
S1-440550738,india,4,25,4,0,True
S1-398776167,us,2,25,2,0,True
S1-285739773,india,5,25,5,0,True
S1-492793391,india,2,25,2,0,True
S1-375348297,us,4,25,4,0,True
S1-228432450,us,4,25,4,0,True
S1-1412759,india,4,25,4,0,True
S1-31805555,us,4,25,4,0,True
S1-974369508,india,4,25,4,0,True
S1-370715897,us,2,25,2,0,True
S1-81981566,us,5,25,5,0,True
S1-393904151,us,5,25,5,0,True
S1-282737265,us,4,25,4,0,True
S1-11773416,india,2,25,2,0,True
S1-47185754,india,4,25,4,0,True
S1-138706126,us,4,25,4,0,True
S1-775249786,india,3,25,3,0,True
S1-783575505,india,2,25,0,2,False
S1-771849721,india,5,25,5,0,True
S1-298826786,us,2,25,2,0,True
S1-515624637,us,6,25,6,0,True
S1-54417669,us,3,25,3,0,True
S1-569898026,us,5,25,5,0,True
S1-97581850,india,5,25,4,1,False
S1-748568260,us,5,25,5,0,True
S1-28313199,us,4,25,4,0,True
S1-380091161,india,0,25,0,0,True
S1-486296456,us,3,25,3,0,True
S1-810780326,india,2,25,2,0,True
S1-521211713,us,1,15,1,0,True
S1-292649689,india,6,25,1,5,False
S1-71172417,india,3,25,3,0,True
S1-743857557,us,5,25,5,0,True
S1-42596820,india,2,25,1,1,False
S1-39787756,india,4,16,4,0,True
S1-506296494,us,7,25,7,0,True
S1-359751656,us,4,25,4,0,True
S1-724177791,us,4,25,4,0,True
S1-90406410,india,4,25,1,3,False
S1-986280179,us,0,25,0,0,True
S1-902621471,us,3,25,3,0,True
S1-692127788,india,4,25,1,3,False
S1-564729135,india,6,25,5,1,False
S1-163766842,us,4,25,3,1,False
S1-734467842,india,5,25,2,3,False
S1-285459966,us,3,15,3,0,True
S1-902339398,india,3,25,3,0,True
S1-631165181,us,6,25,6,0,True
S1-459084380,us,4,25,4,0,True
S1-825091133,india,0,25,0,0,True
S1-875857983,us,4,25,4,0,True
S1-467718530,us,3,25,2,1,False
S1-346673967,india,3,25,2,1,False
S1-786497576,us,3,25,2,1,False
S1-167577766,us,6,25,5,1,False
S1-755575907,us,4,25,4,0,True
S1-771278228,us,3,25,3,0,True
S1-537944284,india,8,25,8,0,True
S1-563586539,us,5,25,5,0,True
S1-585407266,us,4,25,3,1,False
S1-833280178,us,3,25,3,0,True
S1-469269527,us,2,25,2,0,True
S1-356192136,india,3,25,3,0,True
S1-743301865,us,4,25,4,0,True
S1-807589192,india,1,25,1,0,True
S1-178961928,india,0,25,0,0,True
S1-945045672,us,2,25,2,0,True
S1-906423755,india,3,25,3,0,True
S1-275483592,us,2,25,2,0,True
S1-568179926,us,0,23,0,0,True
S1-305783479,us,5,25,5,0,True
S1-25867054,india,3,25,3,0,True
S1-185455021,us,2,25,2,0,True
S1-69897734,india,4,25,4,0,True
S1-677358632,india,4,25,4,0,True
S1-187164752,india,2,25,2,0,True
S1-320094808,india,4,21,4,0,True
S1-924009686,india,4,25,4,0,True
S1-254753234,us,3,25,3,0,True
S1-303791674,india,4,25,4,0,True
S1-311570925,india,1,25,1,0,True
S1-997553932,us,6,25,5,1,False
S1-618544321,us,0,25,0,0,True
S1-326575536,india,5,25,5,0,True
S1-98168281,us,3,25,3,0,True
S1-106691524,india,2,25,2,0,True
S1-617270478,india,2,25,2,0,True
S1-131759266,us,2,16,2,0,True
S1-504059078,us,6,25,6,0,True
S1-988797326,india,5,25,5,0,True
S1-990411301,india,3,25,3,0,True
S1-997877057,us,4,25,4,0,True
S1-481204193,us,3,25,3,0,True
S1-75134768,india,3,25,0,3,False
S1-991461248,us,4,25,4,0,True
S1-698189395,india,3,3,3,0,True
S1-799416225,india,4,25,2,2,False
S1-8271658,india,1,25,1,0,True
S1-248417578,us,2,25,2,0,True
S1-771644696,us,4,25,4,0,True
S1-918887395,us,3,25,3,0,True
S1-410304151,us,5,25,5,0,True
S1-571393401,us,2,25,2,0,True
S1-97737266,india,1,25,1,0,True
S1-402731785,india,5,25,5,0,True
S1-975229569,us,4,25,3,1,False
S1-162806244,us,5,25,5,0,True
S1-395575279,us,1,25,1,0,True
S1-740533054,india,6,25,6,0,True
S1-81487041,us,6,25,6,0,True
S1-651095976,us,3,25,2,1,False
S1-7670075,us,0,25,0,0,True
S1-436307824,us,3,25,3,0,True
S1-549896019,india,5,25,5,0,True
S1-341133443,us,6,25,6,0,True
S1-942110962,us,1,25,1,0,True
S1-862053862,india,3,25,2,1,False
S1-116728901,india,3,25,2,1,False
S1-223766452,us,1,25,1,0,True
S1-977128956,us,6,25,5,1,False
S1-346603579,us,1,25,1,0,True
S1-860665112,india,3,25,3,0,True
S1-558031216,us,2,25,2,0,True
S1-867365570,us,4,25,4,0,True
S1-315152899,india,4,25,0,4,False
S1-499972846,us,4,25,4,0,True
S1-638411138,india,3,25,3,0,True
S1-69012797,us,4,25,4,0,True
S1-830307406,us,1,25,1,0,True
S1-62395269,us,6,25,4,2,False
S1-395359998,us,3,25,3,0,True
S1-431995033,us,5,25,5,0,True
S1-505687673,us,1,25,1,0,True
S1-932318328,us,3,25,3,0,True
S1-296658329,india,4,25,4,0,True
S1-164813708,india,7,25,7,0,True
S1-820394674,india,5,25,5,0,True
S1-914958503,india,4,25,4,0,True
S1-865492250,us,3,25,3,0,True
S1-54624388,us,2,25,2,0,True
S1-776993257,india,5,25,5,0,True
S1-547937022,india,3,25,3,0,True
S1-403174703,us,3,25,3,0,True
S1-877175483,us,4,25,4,0,True
S1-514974575,india,3,25,3,0,True
S1-837700130,us,1,25,1,0,True
S1-686329764,us,4,25,4,0,True
S1-542687059,india,3,25,3,0,True
S1-977675218,us,6,25,6,0,True
S1-112860356,india,2,25,1,1,False
S1-960834585,us,3,25,3,0,True
S1-262257256,india,2,25,2,0,True
S1-952988982,us,3,25,3,0,True
S1-804765937,india,4,25,4,0,True
S1-299519782,us,5,25,5,0,True
S1-820630138,us,5,20,5,0,True
S1-633523699,us,3,25,3,0,True
S1-616950184,us,3,25,3,0,True
S1-985181624,india,4,25,4,0,True
S1-628575121,india,3,25,1,2,False
S1-330916229,us,5,25,5,0,True
S1-886802071,india,2,25,2,0,True
S1-397935071,us,2,25,2,0,True
S1-737079528,us,4,25,4,0,True
S1-966193611,us,4,25,4,0,True
S1-394715818,india,6,25,5,1,False
S1-737368602,us,2,25,2,0,True
S1-277159753,us,1,25,1,0,True
S1-510655095,us,3,25,3,0,True
S1-887816750,us,3,25,2,1,False
S1-23250247,india,8,25,8,0,True
S1-361609987,us,2,25,2,0,True
S1-524597476,us,2,25,2,0,True
S1-980320825,us,3,25,3,0,True
S1-36458946,india,3,25,3,0,True
S1-21981800,us,2,25,2,0,True
S1-684656443,india,3,25,3,0,True
S1-691622069,india,1,25,1,0,True
S1-680474567,us,3,25,3,0,True
S1-866481061,india,3,25,3,0,True
S1-606887450,us,4,25,4,0,True
S1-708417088,india,2,25,2,0,True
S1-367965660,us,6,25,4,2,False
S1-855700872,india,7,25,7,0,True
S1-460143677,india,4,25,4,0,True
S1-689430394,india,4,25,4,0,True
S1-500998121,us,3,25,3,0,True
S1-931374745,india,7,25,7,0,True
S1-38579651,us,2,25,2,0,True
S1-744120199,us,2,25,2,0,True
S1-985954997,us,4,25,4,0,True
S1-997319680,us,3,25,2,1,False
S1-940275488,india,4,25,4,0,True
S1-261345307,us,3,25,3,0,True
S1-545328963,india,1,25,1,0,True
S1-855613013,us,2,25,2,0,True
S1-341291980,us,5,25,4,1,False
S1-354038358,india,4,25,4,0,True
S1-119279828,us,5,25,5,0,True
S1-407845038,us,7,25,7,0,True
S1-432675591,us,2,25,2,0,True
S1-644609283,india,2,25,2,0,True
S1-416542302,us,3,25,3,0,True
S1-987010400,india,6,25,4,2,False
S1-452308590,us,4,25,4,0,True
S1-223600564,india,0,25,0,0,True
S1-450360068,india,4,25,4,0,True
S1-722474843,us,4,25,4,0,True
S1-92067415,india,0,25,0,0,True
S1-827102573,us,3,25,3,0,True
S1-237716459,us,4,25,4,0,True
S1-912947277,india,5,25,2,3,False
S1-825852772,us,1,25,1,0,True
S1-612600067,india,6,25,6,0,True
S1-239172760,india,4,25,3,1,False
S1-63162461,us,4,25,4,0,True
S1-246225268,us,2,25,2,0,True
S1-659524760,us,3,7,3,0,True
S1-594959480,us,3,25,3,0,True
S1-259566176,us,4,25,4,0,True
S1-640836090,india,3,25,3,0,True
S1-429735814,us,2,25,2,0,True
S1-353226437,india,3,25,3,0,True
S1-946133653,india,4,25,3,1,False
S1-783148417,india,0,25,0,0,True
S1-846031257,us,3,25,3,0,True
S1-9848988,us,4,25,4,0,True
S1-335519097,india,4,25,4,0,True
S1-328371553,india,8,25,8,0,True
S1-312481466,us,2,25,2,0,True
S1-177088763,us,3,25,3,0,True
S1-159677035,us,5,25,5,0,True
S1-172179362,india,7,25,7,0,True
S1-568122370,india,2,25,2,0,True
S1-761648489,us,0,25,0,0,True
S1-100979361,us,3,25,3,0,True
S1-271520763,india,2,25,1,1,False
S1-234585908,us,4,25,4,0,True
S1-499382294,us,4,25,4,0,True
S1-151302070,us,1,25,1,0,True
S1-376656562,india,5,25,3,2,False
S1-241686597,us,6,25,6,0,True
S1-993246408,india,4,25,4,0,True
S1-231882629,us,3,25,3,0,True
S1-785847572,india,4,25,4,0,True
S1-326297661,us,3,25,3,0,True
S1-585298643,india,2,25,2,0,True
S1-6728823,india,2,25,2,0,True
S1-34916446,india,4,25,1,3,False
S1-595727368,us,2,25,2,0,True
S1-730858380,india,2,25,2,0,True
S1-796310218,us,5,25,5,0,True
S1-302155210,india,2,25,2,0,True
S1-767453878,us,4,25,3,1,False
S1-2670378,india,1,25,0,1,False
S1-183373288,us,4,25,4,0,True
S1-321907297,us,2,25,2,0,True
S1-871687844,us,2,25,2,0,True
S1-965040695,india,5,25,5,0,True
S1-714586445,us,0,25,0,0,True
S1-933508142,india,4,25,1,3,False
